Project,Cruise,Site,depth,date,Season,lat (N),lon (E),Region,POC flux slow,POC flux slow unc,POC flux fast,POC flux fast unc,POC flux TOT,POC flux TOT unc,Notes on SV,Reference
none,none,none,m,yyyymmdd,range,degrees,degrees,none,mg m-2 d-1,mg m-2 d-1,mg m-2 d-1,mg m-2 d-1,mg m-2 d-1,mg m-2 d-1,none,none
EXPORTS,JC214,PAP,60,20210507,March-May,48.890435,-14.857825,regions.NA,55.96841895,7.213599674,54.75926183,12.19858719,110.7276808,14.17185767,"Slow: 18 md-1,  Fast: 15-115 md-1",https://doi.org/10.1101/2024.01.11.575202
EXPORTS,JC214,PAP,175,20210507,March-May,48.890438,-14.857798,regions.NA,17.72980796,5.633643289,38.87292205,11.07129042,56.60273001,12.42221431,"Slow: 18 md-1,  Fast: 15-115 md-1",https://doi.org/10.1101/2024.01.11.575202
EXPORTS,JC214,PAP,505,20210507,March-May,48.890439,-14.857805,regions.NA,6.416134921,8.823775391,36.6538499,10.85607832,43.06998482,13.98976228,"Slow: 18 md-1,  Fast: 15-115 md-1",https://doi.org/10.1101/2024.01.11.575202
EXPORTS,JC214,PAP,100,20210507,March-May,48.890439,-14.857815,regions.NA,39.36000227,9.288124015,73.54553327,11.05690622,112.9055355,14.44037475,"Slow: 18 md-1,  Fast: 15-115 md-1",https://doi.org/10.1101/2024.01.11.575202
EXPORTS,JC214,PAP,70,20210512,March-May,49.10358,-15.029462,regions.NA,25.31977148,5.06479965,67.02456398,9.479532409,92.34433546,10.7477314,"Slow: 18 md-1,  Fast: 15-115 md-1",https://doi.org/10.1101/2024.01.11.575202
EXPORTS,JC214,PAP,170,20210512,March-May,49.103583,-15.029454,regions.NA,48.38642626,21.3691462,19.61538096,10.55097567,68.00180722,23.83198475,"Slow: 18 md-1,  Fast: 15-115 md-1",https://doi.org/10.1101/2024.01.11.575202
EXPORTS,JC214,PAP,500,20210512,March-May,49.104117,-15.024074,regions.NA,14.25356225,7.644149189,41.59332474,15.7152167,55.84688698,17.47572753,"Slow: 18 md-1,  Fast: 15-115 md-1",https://doi.org/10.1101/2024.01.11.575202
EXPORTS,JC214,PAP,125,20210512,March-May,49.104121,-15.02405,regions.NA,0,2.845734691,37.69617135,12.10085419,37.69617135,12.43096449,"Slow: 18 md-1,  Fast: 15-115 md-1",https://doi.org/10.1101/2024.01.11.575202
EXPORTS,JC214,PAP,63,20210513,March-May,49.187889,-14.783012,regions.NA,79.57914267,8.578283756,95.98028415,16.7855721,175.5594268,18.85052739,"Slow: 18 md-1,  Fast: 15-115 md-1",https://doi.org/10.1101/2024.01.11.575202
EXPORTS,JC214,PAP,330,20210513,March-May,49.187882,-14.782991,regions.NA,6.134592557,0.744306326,25.16249191,7.825384269,31.29708447,7.860701678,"Slow: 18 md-1,  Fast: 15-115 md-1",https://doi.org/10.1101/2024.01.11.575202
EXPORTS,JC214,PAP,125,20210513,March-May,49.187871,-14.783,regions.NA,26.46330288,1.666510661,39.83214621,18.12969396,66.29544909,18.20612702,"Slow: 18 md-1,  Fast: 15-115 md-1",https://doi.org/10.1101/2024.01.11.575202
EXPORTS,JC214,PAP,73,20210513,March-May,49.103866,-14.754779,regions.NA,43.8756259,10.15079887,84.78618628,12.22923575,128.6618122,15.89317227,"Slow: 18 md-1,  Fast: 15-115 md-1",https://doi.org/10.1101/2024.01.11.575202
EXPORTS,JC214,PAP,174,20210513,March-May,49.10387,-14.754776,regions.NA,4.232409543,1.763084144,39.16914272,14.80293086,43.40155226,14.90755606,"Slow: 18 md-1,  Fast: 15-115 md-1",https://doi.org/10.1101/2024.01.11.575202
EXPORTS,JC214,PAP,65,20210514,March-May,49.028818,-14.779185,regions.NA,57.93254926,31.51172172,128.1126459,30.53161138,186.0451952,43.87673528,"Slow: 18 md-1,  Fast: 15-115 md-1",https://doi.org/10.1101/2024.01.11.575202
EXPORTS,JC214,PAP,495,20210516,March-May,49.043051,-14.661665,regions.NA,15.75706719,0.85222786,17.72983657,5.200519928,33.48690377,5.269886132,"Slow: 18 md-1,  Fast: 15-115 md-1",https://doi.org/10.1101/2024.01.11.575202
EXPORTS,JC214,PAP,175,20210516,March-May,49.041366,-14.66221,regions.NA,12.55014871,10.7259123,31.01010263,10.07421881,43.56025134,14.71513097,"Slow: 18 md-1,  Fast: 15-115 md-1",https://doi.org/10.1101/2024.01.11.575202
EXPORTS,JC214,PAP,125,20210516,March-May,49.040837,-14.662377,regions.NA,38.82590087,3.973244265,67.29449446,21.28023081,106.1203953,21.64797665,"Slow: 18 md-1,  Fast: 15-115 md-1",https://doi.org/10.1101/2024.01.11.575202
EXPORTS,JC214,PAP,75,20210516,March-May,49.040426,-14.662562,regions.NA,26.67126702,5.998026954,78.32950003,17.7740457,105.000767,18.75881201,"Slow: 18 md-1,  Fast: 15-115 md-1",https://doi.org/10.1101/2024.01.11.575202
EXPORTS,JC214,PAP,330,20210517,March-May,48.917251,-14.816211,regions.NA,24.35693737,4.007741585,44.53038246,12.73024094,68.88731983,13.34619898,"Slow: 18 md-1,  Fast: 15-115 md-1",https://doi.org/10.1101/2024.01.11.575202
EXPORTS,JC214,PAP,175,20210517,March-May,48.917234,-14.816228,regions.NA,1.935842909,6.322612258,36.12279903,10.84439539,38.05864194,12.55294137,"Slow: 18 md-1,  Fast: 15-115 md-1",https://doi.org/10.1101/2024.01.11.575202
EXPORTS,JC214,PAP,75,20210517,March-May,48.917238,-14.816253,regions.NA,71.24417436,7.754095112,94.55091879,20.87511249,165.7950932,22.26872947,"Slow: 18 md-1,  Fast: 15-115 md-1",https://doi.org/10.1101/2024.01.11.575202
EXPORTS,JC214,PAP,60,20210517,March-May,48.917249,-14.816234,regions.NA,122.6485776,4.542743321,70.53976171,17.51076231,193.1883393,18.09042049,"Slow: 18 md-1,  Fast: 15-115 md-1",https://doi.org/10.1101/2024.01.11.575202
EXPORTS,JC214,PAP,125,20210518,March-May,48.95688,-14.908585,regions.NA,25.21672616,4.67648326,37.75532591,9.782714173,62.97205207,10.84301583,"Slow: 18 md-1,  Fast: 15-115 md-1",https://doi.org/10.1101/2024.01.11.575202
EXPORTS,JC214,PAP,505,20210519,March-May,48.967597,-14.821262,regions.NA,13.17578139,3.86660867,35.37572594,10.13734857,48.55150734,10.84972344,"Slow: 18 md-1,  Fast: 15-115 md-1",https://doi.org/10.1101/2024.01.11.575202
EXPORTS,JC214,PAP,140,20210519,March-May,48.967602,-14.821251,regions.NA,21.58134039,5.769220585,53.07352984,18.04934071,74.65487023,18.94894736,"Slow: 18 md-1,  Fast: 15-115 md-1",https://doi.org/10.1101/2024.01.11.575202
EXPORTS,JC214,PAP,90,20210519,March-May,48.9676,-14.821258,regions.NA,44.24295185,4.283432167,66.52583322,14.54305715,110.7687851,15.16074875,"Slow: 18 md-1,  Fast: 15-115 md-1",https://doi.org/10.1101/2024.01.11.575202
EXPORTS,JC214,PAP,40,20210519,March-May,48.967596,-14.82126,regions.NA,106.9199163,37.55581939,63.24503445,20.52183823,170.1649507,42.79702576,"Slow: 18 md-1,  Fast: 15-115 md-1",https://doi.org/10.1101/2024.01.11.575202
EXPORTS,JC214,PAP,505,20210522,March-May,48.892636,-14.690592,regions.NA,13.60541878,1.394916538,21.44277532,7.74611097,35.0481941,7.870706913,"Slow: 18 md-1,  Fast: 15-115 md-1",https://doi.org/10.1101/2024.01.11.575202
EXPORTS,JC214,PAP,185,20210522,March-May,48.891861,-14.691967,regions.NA,7.390960835,14.27328296,31.56040297,9.799602312,38.95136381,17.31354418,"Slow: 18 md-1,  Fast: 15-115 md-1",https://doi.org/10.1101/2024.01.11.575202
EXPORTS,JC214,PAP,125,20210522,March-May,48.891911,-14.691871,regions.NA,12.99092808,5.2543078,47.72444951,12.36308103,60.71537759,13.43329904,"Slow: 18 md-1,  Fast: 15-115 md-1",https://doi.org/10.1101/2024.01.11.575202
EXPORTS,JC214,PAP,85,20210522,March-May,48.891883,-14.69185,regions.NA,28.76296556,7.273617587,127.850874,130.332928,156.6138396,130.5357332,"Slow: 18 md-1,  Fast: 15-115 md-1",https://doi.org/10.1101/2024.01.11.575202
EXPORTS,JC214,PAP,505,20210525,March-May,48.814741,-14.753454,regions.NA,7.233231447,4.961562859,83.80058923,11.47920165,91.03382068,12.50556583,"Slow: 18 md-1,  Fast: 15-115 md-1",https://doi.org/10.1101/2024.01.11.575202
EXPORTS,JC214,PAP,70,20210525,March-May,48.810946,-14.753485,regions.NA,9.732324604,5.64825453,580.8177886,135.709149,590.5501133,135.8266391,"Slow: 18 md-1,  Fast: 15-115 md-1",https://doi.org/10.1101/2024.01.11.575202
EXPORTS,JC214,PAP,195,20210525,March-May,48.817329,-14.716271,regions.NA,27.89229074,5.481424175,227.9216577,53.82063315,255.8139485,54.09904402,"Slow: 18 md-1,  Fast: 15-115 md-1",https://doi.org/10.1101/2024.01.11.575202
EXPORTS,JC214,PAP,145,20210525,March-May,48.817323,-14.716275,regions.NA,15.84739431,5.097486788,254.2773017,84.98276892,270.124696,85.13551189,"Slow: 18 md-1,  Fast: 15-115 md-1",https://doi.org/10.1101/2024.01.11.575202
EXPORTS,JC214,PAP,95,20210525,March-May,48.817327,-14.716263,regions.NA,26.50908652,5.176465706,238.4561385,68.47117327,264.965225,68.66656658,"Slow: 18 md-1,  Fast: 15-115 md-1",https://doi.org/10.1101/2024.01.11.575202
EXPORTS,JC214,PAP,330,20210526,March-May,48.809012,-14.731461,regions.NA,22.94899375,10.1053211,117.3767458,39.41734422,140.3257396,40.69206974,"Slow: 18 md-1,  Fast: 15-115 md-1",https://doi.org/10.1101/2024.01.11.575202
EXPORTS,JC214,PAP,150,20210526,March-May,48.808389,-14.733401,regions.NA,19.23657962,9.570671571,362.2104664,156.5131519,381.447046,156.8054989,"Slow: 18 md-1,  Fast: 15-115 md-1",https://doi.org/10.1101/2024.01.11.575202
EXPORTS,JC214,PAP,100,20210526,March-May,48.80816,-14.734737,regions.NA,21.0600139,12.69559288,284.8095446,82.70086618,305.8695585,83.66965606,"Slow: 18 md-1,  Fast: 15-115 md-1",https://doi.org/10.1101/2024.01.11.575202
EXPORTS,JC214,PAP,50,20210526,March-May,48.807951,-14.735875,regions.NA,43.42483554,4.054692504,548.6876338,161.8903256,592.1124693,161.9410944,"Slow: 18 md-1,  Fast: 15-115 md-1",https://doi.org/10.1101/2024.01.11.575202
EXPORTS,JC214,PAP,330,20210528,March-May,48.783687,-14.905574,regions.NA,16.58909664,2.312476462,59.05535559,11.22965835,75.64445223,11.46528561,"Slow: 18 md-1,  Fast: 15-115 md-1",https://doi.org/10.1101/2024.01.11.575202
EXPORTS,JC214,PAP,140,20210528,March-May,48.783727,-14.905638,regions.NA,18.45506765,14.74538724,432.051971,278.3231128,450.5070387,278.7134399,"Slow: 18 md-1,  Fast: 15-115 md-1",https://doi.org/10.1101/2024.01.11.575202
EXPORTS,JC214,PAP,90,20210528,March-May,48.784214,-14.907263,regions.NA,31.66949352,5.192656613,231.8084922,88.51864975,263.4779857,88.67082404,"Slow: 18 md-1,  Fast: 15-115 md-1",https://doi.org/10.1101/2024.01.11.575202
EXPORTS,JC214,PAP,55,20210528,March-May,48.784593,-14.908476,regions.NA,25.19474587,9.842374071,555.5933919,150.6780171,580.7881377,150.9991297,"Slow: 18 md-1,  Fast: 15-115 md-1",https://doi.org/10.1101/2024.01.11.575202
EXPORTS,JC214,PAP,505,20210529,March-May,48.828016,-14.847274,regions.NA,17.82817376,3.874772474,62.17156614,18.25586387,79.99973989,18.66254076,"Slow: 18 md-1,  Fast: 15-115 md-1",https://doi.org/10.1101/2024.01.11.575202
EXPORTS,JC214,PAP,160,20210529,March-May,48.828527,-14.845225,regions.NA,12.6359905,2.617028048,689.8898173,281.2312342,702.5258078,281.2434104,"Slow: 18 md-1,  Fast: 15-115 md-1",https://doi.org/10.1101/2024.01.11.575202
EXPORTS,JC214,PAP,110,20210529,March-May,48.828765,-14.844179,regions.NA,4.868428347,11.61260037,602.6722178,181.6623912,607.5406462,182.0331752,"Slow: 18 md-1,  Fast: 15-115 md-1",https://doi.org/10.1101/2024.01.11.575202
EXPORTS,JC214,PAP,60,20210529,March-May,48.828844,-14.843803,regions.NA,37.66727047,14.73908151,693.9412853,251.3744363,731.6085558,251.8061709,"Slow: 18 md-1,  Fast: 15-115 md-1",https://doi.org/10.1101/2024.01.11.575202
NA,KH-20-9,Kuroshio,10,9/16/2020,Sept-Nov,29,126.7,NA,NA,NA,NA,NA,972.87,NA,16-28 md,https://doi.org/10.1002/lno.12554
NA,KH-20-9,Kuroshio,32,9/16/2020,Sept-Nov,29,126.7,NA,NA,NA,NA,NA,420.68,NA,16-28 md,https://doi.org/10.1002/lno.12554
NA,KH-20-9,Kuroshio,40,9/13/2020,Sept-Nov,28.3,127.4,NA,NA,NA,NA,NA,135.49,NA,16-28 md,https://doi.org/10.1002/lno.12554
NA,KH-20-9,Kuroshio,95,9/13/2020,Sept-Nov,28.3,127.4,NA,NA,NA,NA,NA,61.58,NA,16-28 md,https://doi.org/10.1002/lno.12554
NA,KH-20-9,Kuroshio,40,9/13/2020,Sept-Nov,27.5,128.2,NA,NA,NA,NA,NA,114.77,NA,16-28 md,https://doi.org/10.1002/lno.12554
NA,KH-20-9,Kuroshio,93,9/13/2020,Sept-Nov,27.5,128.2,NA,NA,NA,NA,NA,54.25,NA,16-28 md,https://doi.org/10.1002/lno.12554
NA,KH-20-9,Kuroshio,10,9/16/2020,Sept-Nov,30.8,129.3,NA,NA,NA,NA,NA,96.93,NA,16-28 md,https://doi.org/10.1002/lno.12554
NA,KH-20-9,Kuroshio,69,9/16/2020,Sept-Nov,30.8,129.3,NA,NA,NA,NA,NA,39.42,NA,16-28 md,https://doi.org/10.1002/lno.12554
NA,KH-20-9,Kuroshio,40,9/17/2020,Sept-Nov,30.3,129.3,NA,NA,NA,NA,NA,127.5,NA,16-28 md,https://doi.org/10.1002/lno.12554
NA,KH-20-9,Kuroshio,92,9/17/2020,Sept-Nov,30.3,129.3,NA,NA,NA,NA,NA,35.79,NA,16-28 md,https://doi.org/10.1002/lno.12554
NA,KH-20-9,Kuroshio,40,9/18/2020,Sept-Nov,29.5,129.3,NA,NA,NA,NA,NA,154.68,NA,16-28 md,https://doi.org/10.1002/lno.12554
NA,KH-20-9,Kuroshio,89,9/18/2020,Sept-Nov,29.5,129.3,NA,NA,NA,NA,NA,50.45,NA,16-28 md,https://doi.org/10.1002/lno.12554
NA,KH-20-9,Kuroshio,40,9/20/2020,Sept-Nov,30.3,130.3,NA,NA,NA,NA,NA,157.48,NA,16-28 md,https://doi.org/10.1002/lno.12554
NA,KH-20-9,Kuroshio,76,9/20/2020,Sept-Nov,30.3,130.3,NA,NA,NA,NA,NA,42.6,NA,16-28 md,https://doi.org/10.1002/lno.12554
NA,KH-20-9,Kuroshio,40,9/24/2020,Sept-Nov,30.2,131.8,NA,NA,NA,NA,NA,175.43,NA,16-28 md,https://doi.org/10.1002/lno.12554
NA,KH-20-9,Kuroshio,89,9/24/2020,Sept-Nov,30.2,131.8,NA,NA,NA,NA,NA,34.64,NA,16-28 md,https://doi.org/10.1002/lno.12554
NA,KH-20-9,Kuroshio,40,9/22/2020,Sept-Nov,29.5,132.1,NA,NA,NA,NA,NA,120.15,NA,16-28 md,https://doi.org/10.1002/lno.12554
NA,KH-20-9,Kuroshio,107,9/22/2020,Sept-Nov,29.5,132.1,NA,NA,NA,NA,NA,40.62,NA,16-28 md,https://doi.org/10.1002/lno.12554
NA,KH-20-9,Kuroshio,40,9/27/2020,Sept-Nov,32.3,134,NA,NA,NA,NA,NA,221.39,NA,16-28 md,https://doi.org/10.1002/lno.12554
NA,KH-20-9,Kuroshio,84,9/27/2020,Sept-Nov,32.3,134,NA,NA,NA,NA,NA,59.43,NA,16-28 md,https://doi.org/10.1002/lno.12554
NA,KH-20-9,Kuroshio,40,9/25/2020,Sept-Nov,29.5,135,NA,NA,NA,NA,NA,185.08,NA,16-28 md,https://doi.org/10.1002/lno.12554
NA,KH-20-9,Kuroshio,94,9/25/2020,Sept-Nov,29.5,135,NA,NA,NA,NA,NA,60.9,NA,16-28 md,https://doi.org/10.1002/lno.12554
NA,KH-20-9,Kuroshio,40,10/4/2020,Sept-Nov,31.5,137.3,NA,NA,NA,NA,NA,88.92,NA,16-28 md,https://doi.org/10.1002/lno.12554
NA,KH-20-9,Kuroshio,93,10/4/2020,Sept-Nov,31.5,137.3,NA,NA,NA,NA,NA,60.34,NA,16-28 md,https://doi.org/10.1002/lno.12554
NA,KH-20-9,Kuroshio,10,10/3/2020,Sept-Nov,31,137.7,NA,NA,NA,NA,NA,85.37,NA,16-28 md,https://doi.org/10.1002/lno.12554
NA,KH-20-9,Kuroshio,56,10/3/2020,Sept-Nov,31,137.7,NA,NA,NA,NA,NA,83.36,NA,16-28 md,https://doi.org/10.1002/lno.12554
NA,KS-21-7,Hokkaido,20,3/15/2021,March-May,41.4,142.9,NA,NA,NA,NA,NA,89.69,NA,16-28 md,https://doi.org/10.1002/lno.12554
NA,KS-21-7,Hokkaido,150,3/15/2021,March-May,41.4,142.9,NA,NA,NA,NA,NA,NA,NA,16-28 md,https://doi.org/10.1002/lno.12554
NA,KS-21-7,Hokkaido,30,3/18/2021,March-May,41.8,142.2,NA,NA,NA,NA,NA,153.4,NA,16-28 md,https://doi.org/10.1002/lno.12554
NA,KS-21-7,Hokkaido,250,3/18/2021,March-May,41.8,142.2,NA,NA,NA,NA,NA,NA,NA,16-28 md,https://doi.org/10.1002/lno.12554
NA,KS-21-7,Hokkaido,10,3/14/2021,March-May,42,142.7,NA,NA,NA,NA,NA,228.71,NA,16-28 md,https://doi.org/10.1002/lno.12554
NA,KS-21-7,Hokkaido,70,3/14/2021,March-May,42,142.7,NA,NA,NA,NA,NA,717.6,NA,16-28 md,https://doi.org/10.1002/lno.12554
NA,KS-21-7,Hokkaido,10,3/17/2021,March-May,42.1,141.3,NA,NA,NA,NA,NA,392.3,NA,16-28 md,https://doi.org/10.1002/lno.12554
NA,KS-21-7,Hokkaido,130,3/17/2021,March-May,42.1,141.3,NA,NA,NA,NA,NA,229.23,NA,16-28 md,https://doi.org/10.1002/lno.12554
NA,KS-21-7,Hokkaido,10,3/13/2021,March-May,42.3,140.6,NA,NA,NA,NA,NA,206.99,NA,16-28 md,https://doi.org/10.1002/lno.12554
NA,KS-21-7,Hokkaido,25,3/13/2021,March-May,42.3,140.6,NA,NA,NA,NA,NA,258.13,NA,16-28 md,https://doi.org/10.1002/lno.12554
NA,KS-21-7,Hokkaido,30,7/5/2021,March-May,40.9,144,NA,NA,NA,NA,NA,385.34,NA,16-28 md,https://doi.org/10.1002/lno.12554
NA,KS-21-7,Hokkaido,65,7/5/2021,March-May,40.9,144,NA,NA,NA,NA,NA,274.79,NA,16-28 md,https://doi.org/10.1002/lno.12554
NA,KS-21-7,Hokkaido,14,8/5/2021,March-May,41.4,142.9,NA,NA,NA,NA,NA,152.74,NA,16-28 md,https://doi.org/10.1002/lno.12554
NA,KS-21-7,Hokkaido,65,8/5/2021,March-May,41.4,142.9,NA,NA,NA,NA,NA,103.29,NA,16-28 md,https://doi.org/10.1002/lno.12554
NA,KS-21-7,Hokkaido,19,9/5/2021,March-May,41.8,142.2,NA,NA,NA,NA,NA,305.81,NA,16-28 md,https://doi.org/10.1002/lno.12554
NA,KS-21-7,Hokkaido,47,9/5/2021,March-May,41.8,142.2,NA,NA,NA,NA,NA,82.29,NA,16-28 md,https://doi.org/10.1002/lno.12554
NA,KS-21-7,Hokkaido,25,5/5/2021,March-May,42,142.7,NA,NA,NA,NA,NA,755.68,NA,16-28 md,https://doi.org/10.1002/lno.12554
NA,KS-21-7,Hokkaido,90,5/5/2021,March-May,42,142.7,NA,NA,NA,NA,NA,208.48,NA,16-28 md,https://doi.org/10.1002/lno.12554
NA,KS-21-7,Hokkaido,22,4/5/2021,March-May,42.1,141.4,NA,NA,NA,NA,NA,433.8,NA,16-28 md,https://doi.org/10.1002/lno.12554
NA,KS-21-7,Hokkaido,52,4/5/2021,March-May,42.1,141.4,NA,NA,NA,NA,NA,853.85,NA,16-28 md,https://doi.org/10.1002/lno.12554
EXPORTS,RR1813,Station P,55,20180816,June-Aug,50.1068,-145.0707,regions.NP,NA,NA,NA,NA,383.1433322,83.96658754,18 md,https://doi.org/10.1525/elementa.2022.00122
EXPORTS,RR1813,Station P,95,20180816,June-Aug,50.1068,-145.0707,regions.NP,NA,NA,NA,NA,631.5300001,133.8526302,18 md,https://doi.org/10.1525/elementa.2022.00122
EXPORTS,RR1813,Station P,55,20180818,June-Aug,50.1998,-145.0412,regions.NP,NA,NA,NA,NA,59.79140726,24.18885155,18 md,https://doi.org/10.1525/elementa.2022.00122
EXPORTS,RR1813,Station P,195,20180820,June-Aug,50.3664,-145.0626,regions.NP,NA,NA,NA,NA,35.97164824,9.861653475,18 md,https://doi.org/10.1525/elementa.2022.00122
EXPORTS,RR1813,Station P,65,20180821,June-Aug,50.3664,-145.0629,regions.NP,NA,NA,NA,NA,6.527247239,9.567548696,18 md,https://doi.org/10.1525/elementa.2022.00122
EXPORTS,RR1813,Station P,95,20180821,June-Aug,50.3664,-145.0628,regions.NP,NA,NA,NA,NA,16.81259395,2.790363716,18 md,https://doi.org/10.1525/elementa.2022.00122
EXPORTS,RR1813,Station P,63,20180824,June-Aug,50.4123,-145.1247,regions.NP,NA,NA,NA,NA,93.15239554,24.73200421,18 md,https://doi.org/10.1525/elementa.2022.00122
EXPORTS,RR1813,Station P,95,20180824,June-Aug,50.4123,-145.1248,regions.NP,NA,NA,NA,NA,68.59227113,16.3505022,18 md,https://doi.org/10.1525/elementa.2022.00122
EXPORTS,RR1813,Station P,350,20180824,June-Aug,50.4123,-145.1248,regions.NP,NA,NA,NA,NA,35.91637825,7.495180294,18 md,https://doi.org/10.1525/elementa.2022.00122
EXPORTS,RR1813,Station P,350,20180825,June-Aug,50.4608,-145.0051,regions.NP,NA,NA,NA,NA,31.14127969,6.001741762,18 md,https://doi.org/10.1525/elementa.2022.00122
EXPORTS,RR1813,Station P,60,20180826,June-Aug,50.4608,-145.0051,regions.NP,NA,NA,NA,NA,35.05647695,11.53273653,18 md,https://doi.org/10.1525/elementa.2022.00122
EXPORTS,RR1813,Station P,95,20180826,June-Aug,50.4608,-145.0051,regions.NP,NA,NA,NA,NA,45.09299374,11.83478492,18 md,https://doi.org/10.1525/elementa.2022.00122
EXPORTS,RR1813,Station P,60,20180828,June-Aug,50.4763,-144.8976,regions.NP,NA,NA,NA,NA,43.38140625,19.99325194,18 md,https://doi.org/10.1525/elementa.2022.00122
EXPORTS,RR1813,Station P,500,20180828,June-Aug,50.4763,-144.8976,regions.NP,NA,NA,NA,NA,35.73789056,6.004212627,18 md,https://doi.org/10.1525/elementa.2022.00122
EXPORTS,RR1813,Station P,60,20180829,June-Aug,50.4891,-144.8382,regions.NP,NA,NA,NA,NA,21.90653246,18.16583218,18 md,https://doi.org/10.1525/elementa.2022.00122
EXPORTS,RR1813,Station P,95,20180829,June-Aug,50.4891,-144.8382,regions.NP,NA,NA,NA,NA,42.76546854,8.877663177,18 md,https://doi.org/10.1525/elementa.2022.00122
EXPORTS,RR1813,Station P,300,20180829,June-Aug,50.4892,-144.8382,regions.NP,NA,NA,NA,NA,40.46933959,10.45344628,18 md,https://doi.org/10.1525/elementa.2022.00122
EXPORTS,RR1813,Station P,55,20180901,Sept-Nov,50.5839,-144.8627,regions.NP,NA,NA,NA,NA,89.51149406,21.44406285,18 md,https://doi.org/10.1525/elementa.2022.00122
EXPORTS,RR1813,Station P,95,20180901,Sept-Nov,50.5839,-144.8628,regions.NP,NA,NA,NA,NA,22.67332064,7.041651424,18 md,https://doi.org/10.1525/elementa.2022.00122
EXPORTS,RR1813,Station P,350,20180901,Sept-Nov,50.5839,-144.8627,regions.NP,NA,NA,NA,NA,98.9744914,17.0320203,18 md,https://doi.org/10.1525/elementa.2022.00122
EXPORTS,RR1813,Station P,350,20180902,Sept-Nov,50.5766,-144.7484,regions.NP,NA,NA,NA,NA,20.75284617,4.367283974,18 md,https://doi.org/10.1525/elementa.2022.00122
EXPORTS,RR1813,Station P,50,20180903,Sept-Nov,50.5767,-144.7484,regions.NP,NA,NA,NA,NA,71.49603645,22.39695121,18 md,https://doi.org/10.1525/elementa.2022.00122
EXPORTS,RR1813,Station P,95,20180903,Sept-Nov,50.5766,-144.7484,regions.NP,NA,NA,NA,NA,41.25106318,10.67732492,18 md,https://doi.org/10.1525/elementa.2022.00122
EXPORTS,RR1813,Station P,20,20180905,Sept-Nov,50.5339,-144.6936,regions.NP,NA,NA,NA,NA,55.13978904,27.45930242,18 md,https://doi.org/10.1525/elementa.2022.00122
EXPORTS,RR1813,Station P,95,20180905,Sept-Nov,50.4873,-144.7173,regions.NP,NA,NA,NA,NA,19.68054132,7.128507973,18 md,https://doi.org/10.1525/elementa.2022.00122
EXPORTS,RR1813,Station P,500,20180905,Sept-Nov,50.5339,-144.6935,regions.NP,NA,NA,NA,NA,60.48164387,11.05155289,18 md,https://doi.org/10.1525/elementa.2022.00122
EXPORTS,RR1813,Station P,25,20180906,Sept-Nov,50.4873,-144.7172,regions.NP,NA,NA,NA,NA,40.06051383,14.95009994,18 md,https://doi.org/10.1525/elementa.2022.00122
EXPORTS,RR1813,Station P,60,20180906,Sept-Nov,50.4873,-144.7173,regions.NP,NA,NA,NA,NA,27.14166376,20.66698794,18 md,https://doi.org/10.1525/elementa.2022.00122
SOLSTICE,EK188,Agulhas Bank ,20,3/23/2019,March_May,33.86,27.11,NA,219.757,NA,1727.957,NA,NA,NA,"Slow: 18 md,  Fast: 60 md",https://doi.org/10.1016/j.dsr2.2023.105334
SOLSTICE,EK188,Agulhas Bank ,25,3/24/2019,March_May,34.43,25.47,NA,68.287,NA,203.439,NA,NA,NA,"Slow: 18 md,  Fast: 60 md",https://doi.org/10.1016/j.dsr2.2023.105334
SOLSTICE,EK188,Agulhas Bank ,22,3/26/2019,March_May,34.72,23.73,NA,210.354,NA,191.586,NA,NA,NA,"Slow: 18 md,  Fast: 60 md",https://doi.org/10.1016/j.dsr2.2023.105334
SOLSTICE,EK188,Agulhas Bank ,30,3/26/2019,March_May,34.05,23.84,NA,395.938,NA,770.38,NA,NA,NA,"Slow: 18 md,  Fast: 60 md",https://doi.org/10.1016/j.dsr2.2023.105334
SOLSTICE,EK188,Agulhas Bank ,30,3/27/2019,March_May,34.27,22.9,NA,103.498,NA,535.298,NA,NA,NA,"Slow: 18 md,  Fast: 60 md",https://doi.org/10.1016/j.dsr2.2023.105334
SOLSTICE,EK188,Agulhas Bank ,25,3/27/2019,March_May,34.86,23.28,NA,298.869,NA,405.491,NA,NA,NA,"Slow: 18 md,  Fast: 60 md",https://doi.org/10.1016/j.dsr2.2023.105334
SOLSTICE,EK188,Agulhas Bank ,23,3/28/2019,March_May,34.48,22.35,NA,118.238,NA,549.403,NA,NA,NA,"Slow: 18 md,  Fast: 60 md",https://doi.org/10.1016/j.dsr2.2023.105334
SOLSTICE,EK188,Agulhas Bank ,24,3/28/2019,March_May,34.73,21.61,NA,269.717,NA,655.847,NA,NA,NA,"Slow: 18 md,  Fast: 60 md",https://doi.org/10.1016/j.dsr2.2023.105334
SOLSTICE,EK188,Agulhas Bank ,20,3/28/2019,March_May,35.23,22.42,NA,208.541,NA,312.761,NA,NA,NA,"Slow: 18 md,  Fast: 60 md",https://doi.org/10.1016/j.dsr2.2023.105334
SOLSTICE,EK188,Agulhas Bank ,25,3/29/2019,March_May,35.59,22.11,NA,183.204,NA,222.783,NA,NA,NA,"Slow: 18 md,  Fast: 60 md",https://doi.org/10.1016/j.dsr2.2023.105334
SOLSTICE,EK188,Agulhas Bank ,40,3/29/2019,March_May,35.08,21.31,NA,68.892,NA,779.339,NA,NA,NA,"Slow: 18 md,  Fast: 60 md",https://doi.org/10.1016/j.dsr2.2023.105334
SOLSTICE,EK188,Agulhas Bank ,44,3/23/2019,March_May,33.64,26.92,NA,195.161,NA,1187.838,NA,NA,NA,"Slow: 18 md,  Fast: 60 md",https://doi.org/10.1016/j.dsr2.2023.105334
SOLSTICE,EK188,Agulhas Bank ,90,3/23/2019,March_May,33.86,27.11,NA,98.281,NA,336.671,NA,NA,NA,"Slow: 18 md,  Fast: 60 md",https://doi.org/10.1016/j.dsr2.2023.105334
SOLSTICE,EK188,Agulhas Bank ,35,3/24/2019,March_May,34.01,25.23,NA,160.395,NA,466.123,NA,NA,NA,"Slow: 18 md,  Fast: 60 md",https://doi.org/10.1016/j.dsr2.2023.105334
SOLSTICE,EK188,Agulhas Bank ,90,3/24/2019,March_May,34.43,25.47,NA,52.944,NA,215.793,NA,NA,NA,"Slow: 18 md,  Fast: 60 md",https://doi.org/10.1016/j.dsr2.2023.105334
SOLSTICE,EK188,Agulhas Bank ,38,3/25/2019,March_May,34.14,24.37,NA,302.666,NA,1118.248,NA,NA,NA,"Slow: 18 md,  Fast: 60 md",https://doi.org/10.1016/j.dsr2.2023.105334
SOLSTICE,EK188,Agulhas Bank ,40,3/25/2019,March_May,34.27,24.34,NA,85.738,NA,249.431,NA,NA,NA,"Slow: 18 md,  Fast: 60 md",https://doi.org/10.1016/j.dsr2.2023.105334
SOLSTICE,EK188,Agulhas Bank ,10,3/26/2019,March_May,34.72,23.73,NA,157.829,NA,309.337,NA,NA,NA,"Slow: 18 md,  Fast: 60 md",https://doi.org/10.1016/j.dsr2.2023.105334
SOLSTICE,EK188,Agulhas Bank ,72,3/26/2019,March_May,34.05,23.84,NA,140.881,NA,500.814,NA,NA,NA,"Slow: 18 md,  Fast: 60 md",https://doi.org/10.1016/j.dsr2.2023.105334
SOLSTICE,EK188,Agulhas Bank ,80,3/27/2019,March_May,34.27,22.9,NA,100.136,NA,354.034,NA,NA,NA,"Slow: 18 md,  Fast: 60 md",https://doi.org/10.1016/j.dsr2.2023.105334
SOLSTICE,EK188,Agulhas Bank ,140,3/27/2019,March_May,34.86,23.28,NA,57.936,NA,160.253,NA,NA,NA,"Slow: 18 md,  Fast: 60 md",https://doi.org/10.1016/j.dsr2.2023.105334
SOLSTICE,EK188,Agulhas Bank ,84,3/28/2019,March_May,34.48,22.35,NA,10.12,NA,509.317,NA,NA,NA,"Slow: 18 md,  Fast: 60 md",https://doi.org/10.1016/j.dsr2.2023.105334
SOLSTICE,EK188,Agulhas Bank ,74,3/28/2019,March_May,34.73,21.61,NA,128.539,NA,385.947,NA,NA,NA,"Slow: 18 md,  Fast: 60 md",https://doi.org/10.1016/j.dsr2.2023.105334
SOLSTICE,EK188,Agulhas Bank ,140,3/28/2019,March_May,35.23,22.42,NA,83.153,NA,124.905,NA,NA,NA,"Slow: 18 md,  Fast: 60 md",https://doi.org/10.1016/j.dsr2.2023.105334
SOLSTICE,EK188,Agulhas Bank ,140,3/29/2019,March_May,35.59,22.11,NA,65.909,NA,84.405,NA,NA,NA,"Slow: 18 md,  Fast: 60 md",https://doi.org/10.1016/j.dsr2.2023.105334
SOLSTICE,EK188,Agulhas Bank ,84,3/29/2019,March_May,35.08,21.31,NA,176.857,NA,408.184,NA,NA,NA,"Slow: 18 md,  Fast: 60 md",https://doi.org/10.1016/j.dsr2.2023.105334
COMICS 1, DY086 ,South Georgia,60,11/16/2017,Sept-Nov,52.695,40.13056,regions.AAZ,756.01,NA,417.63,NA,1173.64,NA,"Slow: 18 md,  Fast: 60 md",https://doi.org/10.1016/j.dsr2.2023.105277
COMICS 1, DY086 ,South Georgia,100,11/16/2017,Sept-Nov,52.695,40.13056,regions.AAZ,1648.18,NA,8.75,NA,1656.94,NA,"Slow: 18 md,  Fast: 60 md",https://doi.org/10.1016/j.dsr2.2023.105277
COMICS 1, DY086 ,South Georgia,150,11/16/2017,Sept-Nov,52.695,40.13056,regions.AAZ,248.4,NA,196.09,NA,444.49,NA,"Slow: 18 md,  Fast: 60 md",https://doi.org/10.1016/j.dsr2.2023.105277
COMICS 1, DY086 ,South Georgia,60,11/18/2017,Sept-Nov,52.69611,40.00361,regions.AAZ,1295.21,NA,261.87,NA,1557.08,NA,"Slow: 18 md,  Fast: 60 md",https://doi.org/10.1016/j.dsr2.2023.105277
COMICS 1, DY086 ,South Georgia,150,11/18/2017,Sept-Nov,52.69617,40.17028,regions.AAZ,263.14,NA,114,NA,377.14,NA,"Slow: 18 md,  Fast: 60 md",https://doi.org/10.1016/j.dsr2.2023.105277
COMICS 1, DY086 ,South Georgia,100,11/18/2017,Sept-Nov,52.69617,40.17028,regions.AAZ,810.46,NA,123.88,NA,934.34,NA,"Slow: 18 md,  Fast: 60 md",https://doi.org/10.1016/j.dsr2.2023.105277
COMICS 1, DY086 ,South Georgia,500,11/18/2017,Sept-Nov,52.69617,40.17028,regions.AAZ,181.97,NA,21.47,NA,203.43,NA,"Slow: 18 md,  Fast: 60 md",https://doi.org/10.1016/j.dsr2.2023.105277
COMICS 1, DY086 ,South Georgia,250,11/18/2017,Sept-Nov,52.69617,40.17028,regions.AAZ,423.81,NA,97.31,NA,521.12,NA,"Slow: 18 md,  Fast: 60 md",https://doi.org/10.1016/j.dsr2.2023.105277
COMICS 1, DY086 ,South Georgia,65,11/20/2017,Sept-Nov,52.74983,40.19967,regions.AAZ,1287.24,NA,226.05,NA,1513.29,NA,"Slow: 18 md,  Fast: 60 md",https://doi.org/10.1016/j.dsr2.2023.105277
COMICS 1, DY086 ,South Georgia,60,11/20/2017,Sept-Nov,52.74983,40.19967,regions.AAZ,665.5,NA,657.6,NA,1323.11,NA,"Slow: 18 md,  Fast: 60 md",https://doi.org/10.1016/j.dsr2.2023.105277
COMICS 1, DY086 ,South Georgia,500,11/20/2017,Sept-Nov,52.74983,40.19967,regions.AAZ,484.66,NA,-4.97,NA,479.69,NA,"Slow: 18 md,  Fast: 60 md",https://doi.org/10.1016/j.dsr2.2023.105277
COMICS 1, DY086 ,South Georgia,150,11/20/2017,Sept-Nov,52.77556,40.34833,regions.AAZ,184.3,NA,156.32,NA,340.63,NA,"Slow: 18 md,  Fast: 60 md",https://doi.org/10.1016/j.dsr2.2023.105277
COMICS 1, DY086 ,South Georgia,100,11/20/2017,Sept-Nov,52.77556,40.34833,regions.AAZ,732.61,NA,164.14,NA,896.75,NA,"Slow: 18 md,  Fast: 60 md",https://doi.org/10.1016/j.dsr2.2023.105277
COMICS 1, DY086 ,South Georgia,150,11/21/2017,Sept-Nov,52.7515,40.20722,regions.AAZ,242.11,NA,197.06,NA,439.17,NA,"Slow: 18 md,  Fast: 60 md",https://doi.org/10.1016/j.dsr2.2023.105277
COMICS 1, DY086 ,South Georgia,500,11/21/2017,Sept-Nov,52.7515,40.20639,regions.AAZ,314.14,NA,70.38,NA,384.52,NA,"Slow: 18 md,  Fast: 60 md",https://doi.org/10.1016/j.dsr2.2023.105277
COMICS 1, DY086 ,South Georgia,50,11/21/2017,Sept-Nov,52.7515,40.20639,regions.AAZ,1793.13,NA,882.35,NA,2675.48,NA,"Slow: 18 md,  Fast: 60 md",https://doi.org/10.1016/j.dsr2.2023.105277
COMICS 1, DY086 ,South Georgia,100,11/21/2017,Sept-Nov,52.7515,40.20639,regions.AAZ,379.37,NA,351.82,NA,731.19,NA,"Slow: 18 md,  Fast: 60 md",https://doi.org/10.1016/j.dsr2.2023.105277
COMICS 1, DY086 ,South Georgia,1000,11/21/2017,Sept-Nov,52.70278,40.14389,regions.AAZ,283.83,NA,-22.17,NA,261.67,NA,"Slow: 18 md,  Fast: 60 md",https://doi.org/10.1016/j.dsr2.2023.105277
COMICS 1, DY086 ,South Georgia,70,11/24/2017,Sept-Nov,56.40194,41.2,regions.AAZ,758.82,NA,274.22,NA,1033.04,NA,"Slow: 18 md,  Fast: 60 md",https://doi.org/10.1016/j.dsr2.2023.105277
COMICS 1, DY086 ,South Georgia,110,11/25/2017,Sept-Nov,56.63333,40.91583,regions.AAZ,303.55,NA,37.88,NA,341.43,NA,"Slow: 18 md,  Fast: 60 md",https://doi.org/10.1016/j.dsr2.2023.105277
COMICS 1, DY086 ,South Georgia,500,11/25/2017,Sept-Nov,56.63333,40.91583,regions.AAZ,126.71,NA,23.86,NA,150.57,NA,"Slow: 18 md,  Fast: 60 md",https://doi.org/10.1016/j.dsr2.2023.105277
COMICS 1, DY086 ,South Georgia,250,11/25/2017,Sept-Nov,56.63361,40.91556,regions.AAZ,116.29,NA,66.38,NA,182.66,NA,"Slow: 18 md,  Fast: 60 md",https://doi.org/10.1016/j.dsr2.2023.105277
COMICS 1, DY086 ,South Georgia,70,11/25/2017,Sept-Nov,56.63361,40.91556,regions.AAZ,534.37,NA,119,NA,653.37,NA,"Slow: 18 md,  Fast: 60 md",https://doi.org/10.1016/j.dsr2.2023.105277
COMICS 1, DY086 ,South Georgia,160,11/25/2017,Sept-Nov,56.63333,40.91583,regions.AAZ,160.07,NA,52.11,NA,212.18,NA,"Slow: 18 md,  Fast: 60 md",https://doi.org/10.1016/j.dsr2.2023.105277
COMICS 1, DY086 ,South Georgia,250,11/29/2017,Sept-Nov,52.65861,40.26306,regions.AAZ,376.92,NA,18.83,NA,395.75,NA,"Slow: 18 md,  Fast: 60 md",https://doi.org/10.1016/j.dsr2.2023.105277
COMICS 1, DY086 ,South Georgia,160,11/29/2017,Sept-Nov,52.65861,40.26306,regions.AAZ,398.76,NA,98.39,NA,497.15,NA,"Slow: 18 md,  Fast: 60 md",https://doi.org/10.1016/j.dsr2.2023.105277
COMICS 1, DY086 ,South Georgia,70,11/29/2017,Sept-Nov,52.65861,40.26306,regions.AAZ,1267.81,NA,337.93,NA,1605.73,NA,"Slow: 18 md,  Fast: 60 md",https://doi.org/10.1016/j.dsr2.2023.105277
COMICS 1, DY086 ,South Georgia,110,11/30/2017,Sept-Nov,52.70917,40.07611,regions.AAZ,1635.35,NA,168.02,NA,1803.37,NA,"Slow: 18 md,  Fast: 60 md",https://doi.org/10.1016/j.dsr2.2023.105277
COMICS 1, DY086 ,South Georgia,70,11/30/2017,Sept-Nov,52.70444,40.10361,regions.AAZ,1217.2,NA,71.44,NA,1288.64,NA,"Slow: 18 md,  Fast: 60 md",https://doi.org/10.1016/j.dsr2.2023.105277
COMICS 1, DY086 ,South Georgia,500,11/30/2017,Sept-Nov,52.70444,40.10361,regions.AAZ,154.16,NA,-18.47,NA,135.69,NA,"Slow: 18 md,  Fast: 60 md",https://doi.org/10.1016/j.dsr2.2023.105277
COMICS 1, DY086 ,South Georgia,250,11/30/2017,Sept-Nov,52.70444,40.10361,regions.AAZ,159.7,NA,51.34,NA,211.03,NA,"Slow: 18 md,  Fast: 60 md",https://doi.org/10.1016/j.dsr2.2023.105277
COMICS 1, DY086 ,South Georgia,70,11/30/2017,Sept-Nov,52.70444,40.10361,regions.AAZ,593.78,NA,193.9,NA,787.67,NA,"Slow: 18 md,  Fast: 60 md",https://doi.org/10.1016/j.dsr2.2023.105277
COMICS 1, DY086 ,South Georgia,110,12/1/2017,Dec-Feb,52.70667,40.099,regions.AAZ,226.5,NA,228.95,NA,455.45,NA,"Slow: 18 md,  Fast: 60 md",https://doi.org/10.1016/j.dsr2.2023.105277
COMICS 1, DY086 ,South Georgia,500,12/1/2017,Dec-Feb,52.70533,40.10133,regions.AAZ,132.04,NA,181.52,NA,313.56,NA,"Slow: 18 md,  Fast: 60 md",https://doi.org/10.1016/j.dsr2.2023.105277
COMICS 1, DY086 ,South Georgia,150,12/1/2017,Dec-Feb,52.70533,40.10133,regions.AAZ,45.61,NA,-57.76,NA,-12.15,NA,"Slow: 18 md,  Fast: 60 md",https://doi.org/10.1016/j.dsr2.2023.105277
COMICS 1, DY086 ,South Georgia,100,12/1/2017,Dec-Feb,52.70533,40.10083,regions.AAZ,266.73,NA,110.61,NA,377.34,NA,"Slow: 18 md,  Fast: 60 md",https://doi.org/10.1016/j.dsr2.2023.105277
COMICS 1, DY086 ,South Georgia,250,12/2/2017,Dec-Feb,52.69583,40.25708,regions.AAZ,208.94,NA,56.73,NA,265.68,NA,"Slow: 18 md,  Fast: 60 md",https://doi.org/10.1016/j.dsr2.2023.105277
COMICS 1, DY086 ,South Georgia,160,12/2/2017,Dec-Feb,52.69583,40.25708,regions.AAZ,304.72,NA,35.78,NA,340.49,NA,"Slow: 18 md,  Fast: 60 md",https://doi.org/10.1016/j.dsr2.2023.105277
COMICS 1, DY086 ,South Georgia,110,12/2/2017,Dec-Feb,52.69583,40.25417,regions.AAZ,300.73,NA,69.33,NA,370.07,NA,"Slow: 18 md,  Fast: 60 md",https://doi.org/10.1016/j.dsr2.2023.105277
COMICS 1, DY086 ,South Georgia,70,12/2/2017,Dec-Feb,52.69583,40.25417,regions.AAZ,760.91,NA,121.95,NA,882.87,NA,"Slow: 18 md,  Fast: 60 md",https://doi.org/10.1016/j.dsr2.2023.105277
COMICS 1, DY086 ,South Georgia,30,12/4/2017,Dec-Feb,52.68708,40.34444,regions.AAZ,658.32,NA,227.25,NA,885.57,NA,"Slow: 18 md,  Fast: 60 md",https://doi.org/10.1016/j.dsr2.2023.105277
COMICS 1, DY086 ,South Georgia,500,12/5/2017,Dec-Feb,52.72333,40.32667,regions.AAZ,185.56,NA,113.52,NA,299.08,NA,"Slow: 18 md,  Fast: 60 md",https://doi.org/10.1016/j.dsr2.2023.105277
COMICS 1, DY086 ,South Georgia,170,12/5/2017,Dec-Feb,52.72333,40.32667,regions.AAZ,686.55,NA,65.07,NA,751.63,NA,"Slow: 18 md,  Fast: 60 md",https://doi.org/10.1016/j.dsr2.2023.105277
COMICS 1, DY086 ,South Georgia,80,12/5/2017,Dec-Feb,52.72333,40.32667,regions.AAZ,210.36,NA,151.17,NA,361.52,NA,"Slow: 18 md,  Fast: 60 md",https://doi.org/10.1016/j.dsr2.2023.105277
COMICS 1, DY086 ,South Georgia,500,12/9/2017,Dec-Feb,52.72333,40.32778,regions.AAZ,143.09,NA,13.96,NA,157.04,NA,"Slow: 18 md,  Fast: 60 md",https://doi.org/10.1016/j.dsr2.2023.105277
COMICS 1, DY086 ,South Georgia,150,12/9/2017,Dec-Feb,52.72333,40.32778,regions.AAZ,321.53,NA,12.95,NA,334.48,NA,"Slow: 18 md,  Fast: 60 md",https://doi.org/10.1016/j.dsr2.2023.105277
COMICS 1, DY086 ,South Georgia,60,12/9/2017,Dec-Feb,52.72333,40.32778,regions.AAZ,678.59,NA,546.6,NA,1225.19,NA,"Slow: 18 md,  Fast: 60 md",https://doi.org/10.1016/j.dsr2.2023.105277
COMICS 1, DY086 ,South Georgia,250,12/9/2017,Dec-Feb,52.72333,40.32778,regions.AAZ,283.71,NA,46.27,NA,329.99,NA,"Slow: 18 md,  Fast: 60 md",https://doi.org/10.1016/j.dsr2.2023.105277
COMICS 1, DY086 ,South Georgia,160,12/10/2017,Dec-Feb,52.6675,40.26222,regions.AAZ,592.87,NA,67.02,NA,659.89,NA,"Slow: 18 md,  Fast: 60 md",https://doi.org/10.1016/j.dsr2.2023.105277
COMICS 1, DY086 ,South Georgia,110,12/10/2017,Dec-Feb,52.6675,40.26222,regions.AAZ,555.79,NA,80.42,NA,636.21,NA,"Slow: 18 md,  Fast: 60 md",https://doi.org/10.1016/j.dsr2.2023.105277
COMICS 1, DY086 ,South Georgia,70,12/10/2017,Dec-Feb,52.6675,40.26222,regions.AAZ,-76.48,NA,833.63,NA,757.15,NA,"Slow: 18 md,  Fast: 60 md",https://doi.org/10.1016/j.dsr2.2023.105277
COMICS 1, DY086 ,South Georgia,30,12/10/2017,Dec-Feb,52.6675,40.26222,regions.AAZ,573.28,NA,288.25,NA,861.53,NA,"Slow: 18 md,  Fast: 60 md",https://doi.org/10.1016/j.dsr2.2023.105277
COMICS 1, DY086 ,South Georgia,500,12/15/2017,Dec-Feb,52.70278,39.94944,regions.AAZ,73.59,NA,3.84,NA,77.43,NA,"Slow: 18 md,  Fast: 60 md",https://doi.org/10.1016/j.dsr2.2023.105277
COMICS 1, DY086 ,South Georgia,165,12/15/2017,Dec-Feb,52.70278,39.94972,regions.AAZ,50.64,NA,16.7,NA,67.34,NA,"Slow: 18 md,  Fast: 60 md",https://doi.org/10.1016/j.dsr2.2023.105277
COMICS 1, DY086 ,South Georgia,75,12/15/2017,Dec-Feb,52.70278,39.94944,regions.AAZ,134.62,NA,26.42,NA,161.04,NA,"Slow: 18 md,  Fast: 60 md",https://doi.org/10.1016/j.dsr2.2023.105277
COMICS 1, DY086 ,South Georgia,30,12/15/2017,Dec-Feb,52.70278,39.94944,regions.AAZ,303.41,NA,48.92,NA,352.33,NA,"Slow: 18 md,  Fast: 60 md",https://doi.org/10.1016/j.dsr2.2023.105277
ANTICS,JC231,PAP,50,5/4/2022,March-May,48,-16,regions.NA,26.144,2.355697773,50.76210526,13.19736933,76.90610526,13.36851367,"Slow: 18 md,  Fast: 40 md",Provided by Sari Giering
ANTICS,JC231,PAP,50,5/4/2022,March-May,48,-16,regions.NA,2.384,2.813862825,34.94644596,6.131133131,37.33044596,6.126335487,"Slow: 18 md,  Fast: 40 md",Provided by Sari Giering
ANTICS,JC231,PAP,50,5/5/2022,March-May,48,-16,regions.NA,3.472,1.088235269,70.66947368,8.919818887,74.14147368,8.946872298,"Slow: 18 md,  Fast: 40 md",Provided by Sari Giering
ANTICS,JC231,PAP,50,5/5/2022,March-May,48,-16,regions.NA,32.848,15.94008783,101.6260954,33.73174285,134.4740954,33.21987989,"Slow: 18 md,  Fast: 40 md",Provided by Sari Giering
ANTICS,JC231,PAP,50,5/6/2022,March-May,48,-16,regions.NA,7.584,5.594648872,70.24,7.881538441,77.824,9.430505428,"Slow: 18 md,  Fast: 40 md",Provided by Sari Giering
ANTICS,JC231,PAP,50,5/7/2022,March-May,48,-16,regions.NA,8.848,7.217277049,39.0023369,6.855049428,47.8503369,6.619333932,"Slow: 18 md,  Fast: 40 md",Provided by Sari Giering
ANTICS,JC231,PAP,50,5/7/2022,March-May,48,-16,regions.NA,6.944,6.185629798,89.37263158,37.90258258,96.31663158,38.21633678,"Slow: 18 md,  Fast: 40 md",Provided by Sari Giering
ANTICS,JC231,PAP,50,5/9/2022,March-May,48,-16,regions.NA,33.2,5.543694075,41.12775073,11.5919937,74.32775073,11.28177595,"Slow: 18 md,  Fast: 40 md",Provided by Sari Giering
ANTICS,JC231,PAP,50,5/9/2022,March-May,48,-16,regions.NA,25.152,1.206276917,547.84,63.48675365,572.992,63.49654893,"Slow: 18 md,  Fast: 40 md",Provided by Sari Giering
ANTICS,JC231,PAP,50,5/10/2022,March-May,48,-16,regions.NA,3.728,1.052235715,89.74625122,3.231192865,93.47425122,3.302766792,"Slow: 18 md,  Fast: 40 md",Provided by Sari Giering
ANTICS,JC231,PAP,50,5/10/2022,March-May,48,-16,regions.NA,32.704,0.881743727,95.64631579,1.61949344,128.3503158,1.835108903,"Slow: 18 md,  Fast: 40 md",Provided by Sari Giering
ANTICS,JC231,PAP,50,5/12/2022,March-May,48,-16,regions.NA,30.112,9.471837836,86.40262902,9.974492156,116.514629,8.766900069,"Slow: 18 md,  Fast: 40 md",Provided by Sari Giering
CUSTARD,DY111,Punta Arenas,220,12/6/2019,Dec-Feb,54.42,-89.13,regions.AAZ,110.05,36.66,259.63,41.06,369.67,38.15,"Slow: 18 md,  Fast: 40 md",Provided by Sari Giering
CUSTARD,DY111,Punta Arenas,110,12/6/2019,Dec-Feb,54.42,-89.13,regions.AAZ,107.83,8.29,105.62,13.13,213.45,14.63,"Slow: 18 md,  Fast: 40 md",Provided by Sari Giering
CUSTARD,DY111,Punta Arenas,80,12/9/2019,Dec-Feb,59.96,-89.13,regions.AAZ,41.02,19.12,270.68,69.53,311.7,70.06,"Slow: 18 md,  Fast: 40 md",Provided by Sari Giering
CUSTARD,DY111,Punta Arenas,180,12/9/2019,Dec-Feb,59.96,-89.12,regions.AAZ,63.31,10.89,163.4,54.39,226.71,55.03,"Slow: 18 md,  Fast: 40 md",Provided by Sari Giering
CUSTARD,DY111,Punta Arenas,400,12/9/2019,Dec-Feb,59.97,-89.12,regions.AAZ,80.29,22.82,35.08,14.3,115.37,14.94,"Slow: 18 md,  Fast: 40 md",Provided by Sari Giering
CUSTARD,DY111,Punta Arenas,80,12/11/2019,Dec-Feb,57,-89.13,regions.AAZ,60.74,31.94,108.99,68.1,169.73,66.57,"Slow: 18 md,  Fast: 40 md",Provided by Sari Giering
CUSTARD,DY111,Punta Arenas,400,12/11/2019,Dec-Feb,57.01,-89.14,regions.AAZ,1.38,18.99,189.51,9.66,190.89,21.06,"Slow: 18 md,  Fast: 40 md",Provided by Sari Giering
CUSTARD,DY111,Punta Arenas,130,12/11/2019,Dec-Feb,57.01,-89.14,regions.AAZ,73.39,35.58,238.65,24.73,312.04,18.89,"Slow: 18 md,  Fast: 40 md",Provided by Sari Giering
CUSTARD,DY111,Punta Arenas,80,12/14/2019,Dec-Feb,54.43,-89.11,regions.AAZ,105.05,7.33,144.44,31.27,249.49,31.33,"Slow: 18 md,  Fast: 40 md",Provided by Sari Giering
CUSTARD,DY111,Punta Arenas,180,12/14/2019,Dec-Feb,54.43,-89.11,regions.AAZ,69.93,11.98,57.3,22.43,127.22,23.17,"Slow: 18 md,  Fast: 40 md",Provided by Sari Giering
CUSTARD,DY111,Punta Arenas,700,12/14/2019,Dec-Feb,54.43,-89.11,regions.AAZ,4.25,8.55,78.97,13.64,83.22,15.81,"Slow: 18 md,  Fast: 40 md",Provided by Sari Giering
CUSTARD,DY111,Punta Arenas,100,12/17/2019,Dec-Feb,59.96,-89.12,regions.AAZ,43.24,11.14,397.68,36.44,440.92,37.76,"Slow: 18 md,  Fast: 40 md",Provided by Sari Giering
CUSTARD,DY111,Punta Arenas,200,12/17/2019,Dec-Feb,59.96,-89.12,regions.AAZ,26.66,12.74,140.54,11.37,167.21,12.7,"Slow: 18 md,  Fast: 40 md",Provided by Sari Giering
CUSTARD,DY111,Punta Arenas,400,12/17/2019,Dec-Feb,59.96,-89.12,regions.AAZ,19.67,8.06,169.28,24.86,188.95,24.81,"Slow: 18 md,  Fast: 40 md",Provided by Sari Giering
CUSTARD,DY111,Punta Arenas,750,12/17/2019,Dec-Feb,59.96,-89.12,regions.AAZ,38.71,9.2,59.22,8.43,97.93,7.82,"Slow: 18 md,  Fast: 40 md",Provided by Sari Giering
CUSTARD,DY111,Punta Arenas,30,12/20/2019,Dec-Feb,57.01,-89.15,regions.AAZ,221.44,43.09,70.05,22.15,291.49,45.96,"Slow: 18 md,  Fast: 40 md",Provided by Sari Giering
CUSTARD,DY111,Punta Arenas,130,12/20/2019,Dec-Feb,57.01,-89.15,regions.AAZ,96.7,6.08,223.56,69.79,320.25,69.8,"Slow: 18 md,  Fast: 40 md",Provided by Sari Giering
CUSTARD,DY111,Punta Arenas,400,12/20/2019,Dec-Feb,57.01,-89.15,regions.AAZ,28.49,12.41,103.1,16.35,131.58,15.6,"Slow: 18 md,  Fast: 40 md",Provided by Sari Giering
CUSTARD,DY111,Punta Arenas,750,12/20/2019,Dec-Feb,57.02,-89.16,regions.AAZ,-3.9,4.1,58.58,6.67,54.68,7.11,"Slow: 18 md,  Fast: 40 md",Provided by Sari Giering
CUSTARD,DY111,Punta Arenas,50,12/22/2019,Dec-Feb,54.42,-89.13,regions.AAZ,-39.09,9.83,123.8,19.99,84.71,22.08,"Slow: 18 md,  Fast: 40 md",Provided by Sari Giering
CUSTARD,DY111,Punta Arenas,150,12/22/2019,Dec-Feb,54.42,-89.13,regions.AAZ,180.13,15.81,150.95,19,331.08,18.44,"Slow: 18 md,  Fast: 40 md",Provided by Sari Giering
CUSTARD,DY111,Punta Arenas,400,12/22/2019,Dec-Feb,54.42,-89.13,regions.AAZ,12.17,3.81,107.84,10.08,120.01,10.36,"Slow: 18 md,  Fast: 40 md",Provided by Sari Giering
CUSTARD,DY111,Punta Arenas,750,12/22/2019,Dec-Feb,54.42,-89.13,regions.AAZ,24.06,8.14,91,7.86,115.05,8.02,"Slow: 18 md,  Fast: 40 md",Provided by Sari Giering
CUSTARD,DY111,Punta Arenas,140,12/27/2019,Dec-Feb,59.97,-89.13,regions.AAZ,71.06,13.58,95.11,10.32,166.17,8.72,"Slow: 18 md,  Fast: 40 md",Provided by Sari Giering
CUSTARD,DY111,Punta Arenas,400,12/27/2019,Dec-Feb,59.97,-89.12,regions.AAZ,28.38,9.77,104.5,13.97,132.88,13.8,"Slow: 18 md,  Fast: 40 md",Provided by Sari Giering
CUSTARD,DY111,Punta Arenas,50,12/27/2019,Dec-Feb,59.97,-89.12,regions.AAZ,71.82,23.51,412.8,27.44,484.62,19.36,"Slow: 18 md,  Fast: 40 md",Provided by Sari Giering
CUSTARD,DY111,Punta Arenas,30,12/29/2019,Dec-Feb,57.03,-89.13,regions.AAZ,196.98,37.84,372.95,46.69,569.93,45.92,"Slow: 18 md,  Fast: 40 md",Provided by Sari Giering
CUSTARD,DY111,Punta Arenas,130,12/29/2019,Dec-Feb,57.03,-89.13,regions.AAZ,67.46,11.64,207.9,33.45,275.36,33.23,"Slow: 18 md,  Fast: 40 md",Provided by Sari Giering
CUSTARD,DY111,Punta Arenas,750,12/29/2019,Dec-Feb,57.04,-89.13,regions.AAZ,-6.01,5.86,110.43,8.79,104.42,9.33,"Slow: 18 md,  Fast: 40 md",Provided by Sari Giering
CUSTARD,DY111,Punta Arenas,50,12/30/2019,Dec-Feb,59.98,-89.13,regions.AAZ,242.23,13.55,358.33,15.12,600.56,12.84,"Slow: 18 md,  Fast: 40 md",Provided by Sari Giering
CUSTARD,DY111,Punta Arenas,150,12/30/2019,Dec-Feb,59.98,-89.12,regions.AAZ,96.26,5.09,233.17,44.42,329.42,44.56,"Slow: 18 md,  Fast: 40 md",Provided by Sari Giering
CUSTARD,DY111,Punta Arenas,400,12/30/2019,Dec-Feb,59.98,-89.12,regions.AAZ,1.11,5.09,211.72,57.17,212.84,57.19,"Slow: 18 md,  Fast: 40 md",Provided by Sari Giering
CUSTARD,DY111,Punta Arenas,750,12/30/2019,Dec-Feb,59.99,-89.12,regions.AAZ,-1.49,17.15,120.37,19.82,118.89,20.22,"Slow: 18 md,  Fast: 40 md",Provided by Sari Giering
CUSTARD,DY111,Punta Arenas,70,1/3/2020,Dec-Feb,54.42,-89.13,regions.AAZ,161.39,20.82,278.25,67.99,439.64,67.84,"Slow: 18 md,  Fast: 40 md",Provided by Sari Giering
CUSTARD,DY111,Punta Arenas,170,1/3/2020,Dec-Feb,54.42,-89.13,regions.AAZ,35.72,14.62,271.37,10.65,307.09,9.73,"Slow: 18 md,  Fast: 40 md",Provided by Sari Giering
CUSTARD,DY111,Punta Arenas,750,1/3/2020,Dec-Feb,54.42,-89.13,regions.AAZ,11.49,4.38,143.48,57.58,154.98,57.62,"Slow: 18 md,  Fast: 40 md",Provided by Sari Giering
CUSTARD,DY111,Punta Arenas,400,1/3/2020,Dec-Feb,54.42,-89.13,regions.AAZ,14.39,7.06,145.14,28.78,159.53,29.49,"Slow: 18 md,  Fast: 40 md",Provided by Sari Giering
CUSTARD,DY111,Punta Arenas,80,1/4/2020,Dec-Feb,57,-89.13,regions.AAZ,272.94,58.4,353.4,52.93,626.35,45.55,"Slow: 18 md,  Fast: 40 md",Provided by Sari Giering
CUSTARD,DY111,Punta Arenas,180,1/4/2020,Dec-Feb,57,-89.13,regions.AAZ,37.43,4.97,140.17,27.44,177.6,27.55,"Slow: 18 md,  Fast: 40 md",Provided by Sari Giering
CUSTARD,DY111,Punta Arenas,400,1/4/2020,Dec-Feb,57,-89.13,regions.AAZ,35.51,11.31,87.7,10.12,123.22,10.37,"Slow: 18 md,  Fast: 40 md",Provided by Sari Giering
CUSTARD,DY111,Punta Arenas,750,1/4/2020,Dec-Feb,57,-89.13,regions.AAZ,73.34,25.7,21.51,17.33,94.85,12.99,"Slow: 18 md,  Fast: 40 md",Provided by Sari Giering
CUSTARD,DY111,Punta Arenas,180,1/5/2020,Dec-Feb,57,-89.13,regions.AAZ,36.78,12.73,260.38,19.33,297.16,18.68,"Slow: 18 md,  Fast: 40 md",Provided by Sari Giering
CUSTARD,DY111,Punta Arenas,180,1/5/2020,Dec-Feb,57,-89.13,regions.AAZ,92.56,23.28,173.45,23.71,266.01,22.86,"Slow: 18 md,  Fast: 40 md",Provided by Sari Giering
CUSTARD,DY111,Punta Arenas,180,1/5/2020,Dec-Feb,57,-89.13,regions.AAZ,46.54,5.35,140.67,9.02,187.21,8.89,"Slow: 18 md,  Fast: 40 md",Provided by Sari Giering
COMICS 2,DY090,Namibia,60,6/2/2018,June-Aug,18.02,11.01,NA,141.49,NA,95.68,NA,237.17,NA,Chloe you sent me these data. You have info in regrads to the SV and the ref?,NA
COMICS 2,DY090,Namibia,120,6/2/2018,June-Aug,18.02,11.01,NA,52.76,NA,88.81,NA,141.56,NA,Chloe you sent me these data. You have info in regrads to the SV and the ref?,NA
COMICS 2,DY090,Namibia,250,6/2/2018,June-Aug,18.02,11.01,NA,7.35,NA,291.64,NA,298.99,NA,Chloe you sent me these data. You have info in regrads to the SV and the ref?,NA
COMICS 2,DY090,Namibia,350,6/2/2018,June-Aug,18.02,11.01,NA,82.61,NA,90.36,NA,172.97,NA,Chloe you sent me these data. You have info in regrads to the SV and the ref?,NA
COMICS 2,DY090,Namibia,80,6/3/2018,June-Aug,18.02,11.01,NA,27.16,NA,121.55,NA,148.71,NA,Chloe you sent me these data. You have info in regrads to the SV and the ref?,NA
COMICS 2,DY090,Namibia,120,6/3/2018,June-Aug,18.02,11.01,NA,58.15,NA,316.38,NA,374.54,NA,Chloe you sent me these data. You have info in regrads to the SV and the ref?,NA
COMICS 2,DY090,Namibia,250,6/3/2018,June-Aug,18.02,11.01,NA,84.16,NA,190.12,NA,274.28,NA,Chloe you sent me these data. You have info in regrads to the SV and the ref?,NA
COMICS 2,DY090,Namibia,400,6/3/2018,June-Aug,18.02,11.01,NA,35.06,NA,112.89,NA,147.96,NA,Chloe you sent me these data. You have info in regrads to the SV and the ref?,NA
COMICS 2,DY090,Namibia,50,6/4/2018,June-Aug,18.02,11.01,NA,48.03,NA,115.55,NA,163.57,NA,Chloe you sent me these data. You have info in regrads to the SV and the ref?,NA
COMICS 2,DY090,Namibia,100,6/4/2018,June-Aug,18.02,11.01,NA,32.61,NA,173.29,NA,205.9,NA,Chloe you sent me these data. You have info in regrads to the SV and the ref?,NA
COMICS 2,DY090,Namibia,250,6/4/2018,June-Aug,18.02,11.01,NA,-27.12,NA,65.19,NA,38.07,NA,Chloe you sent me these data. You have info in regrads to the SV and the ref?,NA
COMICS 2,DY090,Namibia,500,6/4/2018,June-Aug,18.02,11.01,NA,-91.26,NA,162.18,NA,70.92,NA,Chloe you sent me these data. You have info in regrads to the SV and the ref?,NA
COMICS 2,DY090,Namibia,50,6/6/2018,June-Aug,18.02,11.01,NA,85.32,NA,71.74,NA,157.07,NA,Chloe you sent me these data. You have info in regrads to the SV and the ref?,NA
COMICS 2,DY090,Namibia,100,6/6/2018,June-Aug,18.02,11.01,NA,92.05,NA,85.98,NA,178.03,NA,Chloe you sent me these data. You have info in regrads to the SV and the ref?,NA
COMICS 2,DY090,Namibia,250,6/6/2018,June-Aug,18.02,11.01,NA,337.78,NA,185.82,NA,523.6,NA,Chloe you sent me these data. You have info in regrads to the SV and the ref?,NA
COMICS 2,DY090,Namibia,500,6/6/2018,June-Aug,18.02,11.01,NA,45.29,NA,124.05,NA,169.34,NA,Chloe you sent me these data. You have info in regrads to the SV and the ref?,NA
COMICS 2,DY090,Namibia,100,6/10/2018,June-Aug,18.02,11.01,NA,19.81,NA,121.54,NA,141.35,NA,Chloe you sent me these data. You have info in regrads to the SV and the ref?,NA
COMICS 2,DY090,Namibia,250,6/10/2018,June-Aug,18.02,11.01,NA,18.79,NA,132.73,NA,151.52,NA,Chloe you sent me these data. You have info in regrads to the SV and the ref?,NA
COMICS 2,DY090,Namibia,500,6/10/2018,June-Aug,18.02,11.01,NA,-4.92,NA,107.34,NA,102.42,NA,Chloe you sent me these data. You have info in regrads to the SV and the ref?,NA
COMICS 2,DY090,Namibia,750,6/10/2018,June-Aug,18.02,11.01,NA,56.26,NA,65.37,NA,121.63,NA,Chloe you sent me these data. You have info in regrads to the SV and the ref?,NA
COMICS 2,DY090,Namibia,15,6/11/2018,June-Aug,18.02,11.01,NA,119.58,NA,114.89,NA,234.46,NA,Chloe you sent me these data. You have info in regrads to the SV and the ref?,NA
COMICS 2,DY090,Namibia,35,6/11/2018,June-Aug,18.02,11.01,NA,107.06,NA,116,NA,223.06,NA,Chloe you sent me these data. You have info in regrads to the SV and the ref?,NA
COMICS 2,DY090,Namibia,55,6/11/2018,June-Aug,18.02,11.01,NA,64.59,NA,90.02,NA,154.61,NA,Chloe you sent me these data. You have info in regrads to the SV and the ref?,NA
COMICS 2,DY090,Namibia,75,6/11/2018,June-Aug,18.02,11.01,NA,55.48,NA,64.79,NA,120.28,NA,Chloe you sent me these data. You have info in regrads to the SV and the ref?,NA
COMICS 2,DY090,Namibia,100,6/11/2018,June-Aug,18.02,11.01,NA,60.51,NA,63.23,NA,123.74,NA,Chloe you sent me these data. You have info in regrads to the SV and the ref?,NA
COMICS 2,DY090,Namibia,250,6/11/2018,June-Aug,18.02,11.01,NA,36.19,NA,65.65,NA,101.84,NA,Chloe you sent me these data. You have info in regrads to the SV and the ref?,NA
COMICS 2,DY090,Namibia,500,6/11/2018,June-Aug,18.02,11.01,NA,60.11,NA,58.73,NA,118.85,NA,Chloe you sent me these data. You have info in regrads to the SV and the ref?,NA
COMICS 2,DY090,Namibia,100,6/12/2018,June-Aug,18.02,11.01,NA,-15.18,NA,74.12,NA,58.95,NA,Chloe you sent me these data. You have info in regrads to the SV and the ref?,NA
COMICS 2,DY090,Namibia,750,6/12/2018,June-Aug,18.02,11.01,NA,58.15,NA,129.86,NA,188,NA,Chloe you sent me these data. You have info in regrads to the SV and the ref?,NA
COMICS 2,DY090,Namibia,250,6/13/2018,June-Aug,18.02,11.01,NA,17.78,NA,94.13,NA,111.91,NA,Chloe you sent me these data. You have info in regrads to the SV and the ref?,NA
COMICS 2,DY090,Namibia,35,6/14/2018,June-Aug,18.02,11.01,NA,148.79,NA,156.17,NA,304.95,NA,Chloe you sent me these data. You have info in regrads to the SV and the ref?,NA
COMICS 2,DY090,Namibia,100,6/14/2018,June-Aug,18.02,11.01,NA,79.55,NA,84.91,NA,164.46,NA,Chloe you sent me these data. You have info in regrads to the SV and the ref?,NA
COMICS 2,DY090,Namibia,250,6/14/2018,June-Aug,18.02,11.01,NA,37.08,NA,61.98,NA,99.06,NA,Chloe you sent me these data. You have info in regrads to the SV and the ref?,NA
COMICS 2,DY090,Namibia,500,6/14/2018,June-Aug,18.02,11.01,NA,26.99,NA,80.26,NA,107.25,NA,Chloe you sent me these data. You have info in regrads to the SV and the ref?,NA
COMICS 2,DY090,Namibia,750,6/15/2018,June-Aug,18.02,11.01,NA,-25.74,NA,59.67,NA,33.93,NA,Chloe you sent me these data. You have info in regrads to the SV and the ref?,NA
COMICS 2,DY090,Namibia,500,6/15/2018,June-Aug,18.02,11.01,NA,22.35,NA,59.15,NA,81.5,NA,Chloe you sent me these data. You have info in regrads to the SV and the ref?,NA
COMICS 2,DY090,Namibia,250,6/15/2018,June-Aug,18.02,11.01,NA,43.53,NA,202.1,NA,245.63,NA,Chloe you sent me these data. You have info in regrads to the SV and the ref?,NA
COMICS 2,DY090,Namibia,100,6/15/2018,June-Aug,18.02,11.01,NA,43.25,NA,87.91,NA,131.16,NA,Chloe you sent me these data. You have info in regrads to the SV and the ref?,NA
COMICS 2,DY090,Namibia,35,6/16/2018,June-Aug,18.02,11.01,NA,179.64,NA,160.43,NA,340.07,NA,Chloe you sent me these data. You have info in regrads to the SV and the ref?,NA
COMICS 2,DY090,Namibia,75,6/16/2018,June-Aug,18.02,11.01,NA,34.05,NA,118.78,NA,152.84,NA,Chloe you sent me these data. You have info in regrads to the SV and the ref?,NA
COMICS 2,DY090,Namibia,100,6/16/2018,June-Aug,18.02,11.01,NA,49.54,NA,123.91,NA,173.45,NA,Chloe you sent me these data. You have info in regrads to the SV and the ref?,NA
COMICS 2,DY090,Namibia,250,6/16/2018,June-Aug,18.02,11.01,NA,28.53,NA,71.76,NA,100.29,NA,Chloe you sent me these data. You have info in regrads to the SV and the ref?,NA
COMICS 2,DY090,Namibia,100,6/17/2018,June-Aug,18.02,11.01,NA,43.78,NA,44.32,NA,88.1,NA,Chloe you sent me these data. You have info in regrads to the SV and the ref?,NA
COMICS 2,DY090,Namibia,250,6/17/2018,June-Aug,18.02,11.01,NA,31.53,NA,44.56,NA,76.08,NA,Chloe you sent me these data. You have info in regrads to the SV and the ref?,NA
COMICS 2,DY090,Namibia,500,6/17/2018,June-Aug,18.02,11.01,NA,74.73,NA,117.66,NA,192.4,NA,Chloe you sent me these data. You have info in regrads to the SV and the ref?,NA
COMICS 2,DY090,Namibia,750,6/17/2018,June-Aug,18.02,11.01,NA,48.43,NA,93.6,NA,142.04,NA,Chloe you sent me these data. You have info in regrads to the SV and the ref?,NA
COMICS 2,DY090,Namibia,35,6/18/2018,June-Aug,18.02,11.01,NA,138.07,NA,140.55,NA,278.62,NA,Chloe you sent me these data. You have info in regrads to the SV and the ref?,NA
COMICS 2,DY090,Namibia,75,6/18/2018,June-Aug,18.02,11.01,NA,77.44,NA,109.27,NA,186.71,NA,Chloe you sent me these data. You have info in regrads to the SV and the ref?,NA
COMICS 2,DY090,Namibia,100,6/18/2018,June-Aug,18.02,11.01,NA,80.42,NA,48.12,NA,128.54,NA,Chloe you sent me these data. You have info in regrads to the SV and the ref?,NA
COMICS 2,DY090,Namibia,250,6/18/2018,June-Aug,18.02,11.01,NA,56.93,NA,52.99,NA,109.91,NA,Chloe you sent me these data. You have info in regrads to the SV and the ref?,NA
NA,JC087,PAP,30,6/4/2013,June-Aug,48.64,-16.14,regions.NA,242.1,24.21,NA,NA,NA,NA,"Slow: 18 md,  Fast: variable for single particles ",https://doi.org/10.5194/bg-14-177-2017
NA,JC087,PAP,130,6/4/2013,June-Aug,48.64,-16.14,regions.NA,114.31,11.43,NA,NA,NA,NA,"Slow: 18 md,  Fast: variable for single particles ",https://doi.org/10.5194/bg-14-177-2017
NA,JC087,PAP,70,6/5/2013,June-Aug,48.65,-16.14,regions.NA,76.1,7.61,NA,NA,NA,NA,"Slow: 18 md,  Fast: variable for single particles ",https://doi.org/10.5194/bg-14-177-2017
NA,JC087,PAP,170,6/5/2013,June-Aug,48.65,-16.14,regions.NA,58.9,5.89,NA,NA,NA,NA,"Slow: 18 md,  Fast: variable for single particles ",https://doi.org/10.5194/bg-14-177-2017
NA,JC087,PAP,45,6/7/2013,June-Aug,48.65,-16.14,regions.NA,107.51,19.75,34.19,8.07,NA,NA,"Slow: 18 md,  Fast: variable for single particles ",https://doi.org/10.5194/bg-14-177-2017
NA,JC087,PAP,145,6/7/2013,June-Aug,48.65,-16.14,regions.NA,106.46,3.03,22.55,2.35,NA,NA,"Slow: 18 md,  Fast: variable for single particles ",https://doi.org/10.5194/bg-14-177-2017
NA,JC087,PAP,45,6/9/2013,June-Aug,48.65,-16.14,regions.NA,19.45,1.95,27.79,6.36,NA,NA,"Slow: 18 md,  Fast: variable for single particles ",https://doi.org/10.5194/bg-14-177-2017
NA,JC087,PAP,145,6/9/2013,June-Aug,48.65,-16.14,regions.NA,NA,NA,NA,NA,NA,NA,"Slow: 18 md,  Fast: variable for single particles ",https://doi.org/10.5194/bg-14-177-2017
NA,JC087,PAP,40,6/11/2013,June-Aug,48.65,-16.14,regions.NA,108.72,10.87,31.21,7.18,NA,NA,"Slow: 18 md,  Fast: variable for single particles ",https://doi.org/10.5194/bg-14-177-2017
NA,JC087,PAP,140,6/11/2013,June-Aug,48.65,-16.14,regions.NA,45.41,4.54,26.79,6.04,NA,NA,"Slow: 18 md,  Fast: variable for single particles ",https://doi.org/10.5194/bg-14-177-2017
NA,JC087,PAP,60,6/13/2013,June-Aug,48.65,-16.14,regions.NA,4.68,0.47,46.73,10.66,NA,NA,"Slow: 18 md,  Fast: variable for single particles ",https://doi.org/10.5194/bg-14-177-2017
NA,JC087,PAP,160,6/13/2013,June-Aug,48.65,-16.14,regions.NA,25.75,2.58,20.68,4.76,NA,NA,"Slow: 18 md,  Fast: variable for single particles ",https://doi.org/10.5194/bg-14-177-2017
NA,JR291,South Georgia,64,12/1/2013,Dec-Feb,-60.21,-46.33,regions.AAZ,NA,NA,51.91,2.6,NA,NA,NA,"doi:10.5194/bg-2016-520, 2016"
NA,JR291,South Georgia,166,12/1/2013,Dec-Feb,-60.21,-46.34,regions.AAZ,NA,NA,39.29,1.96,NA,NA,NA,"doi:10.5194/bg-2016-520, 2016"
NA,JR291,South Georgia,76,12/1/2013,Dec-Feb,-59.96,-46.16,regions.AAZ,NA,NA,27.26,1.36,NA,NA,NA,"doi:10.5194/bg-2016-520, 2016"
NA,JR291,South Georgia,178,12/1/2013,Dec-Feb,-59.96,-46.16,regions.AAZ,NA,NA,7.79,0.39,NA,NA,NA,"doi:10.5194/bg-2016-520, 2016"
NA,JR291,South Georgia,74,12/2/2013,Dec-Feb,-55.19,-41.34,regions.AAZ,NA,NA,291.93,14.6,NA,NA,NA,"doi:10.5194/bg-2016-520, 2016"
NA,JR291,South Georgia,176,12/2/2013,Dec-Feb,-55.19,-41.34,regions.AAZ,NA,NA,9.02,0.45,NA,NA,NA,"doi:10.5194/bg-2016-520, 2016"
NA,JR291,South Georgia,105,12/3/2013,Dec-Feb,-55.2,-41.33,regions.AAZ,NA,NA,49.13,2.46,NA,NA,NA,"doi:10.5194/bg-2016-520, 2016"
NA,JR291,South Georgia,204,12/3/2013,Dec-Feb,-55.2,-41.33,regions.AAZ,NA,NA,50.86,2.54,NA,NA,NA,"doi:10.5194/bg-2016-520, 2016"
NA,JR291,South Georgia,107,12/7/2013,Dec-Feb,-55.26,-41.29,regions.AAZ,NA,NA,284.55,14.23,NA,NA,NA,"doi:10.5194/bg-2016-520, 2016"
NA,JR291,South Georgia,203,12/7/2013,Dec-Feb,-55.26,-41.29,regions.AAZ,NA,NA,228.82,11.44,NA,NA,NA,"doi:10.5194/bg-2016-520, 2016"
NA,JR291,South Georgia,106,12/13/2013,Dec-Feb,-52.77,-40.15,regions.AAZ,NA,NA,125.09,6.25,NA,NA,NA,"doi:10.5194/bg-2016-520, 2016"
NA,JR291,South Georgia,205,12/13/2013,Dec-Feb,-52.77,-40.16,regions.AAZ,NA,NA,101.71,5.09,NA,NA,NA,"doi:10.5194/bg-2016-520, 2016"
NA,JR291,South Georgia,82,12/14/2013,Dec-Feb,-52.77,-40.15,regions.AAZ,NA,NA,99.37,4.97,NA,NA,NA,"doi:10.5194/bg-2016-520, 2016"
NA,JR291,South Georgia,180,12/14/2013,Dec-Feb,-52.77,-40.15,regions.AAZ,NA,NA,32.28,1.61,NA,NA,NA,"doi:10.5194/bg-2016-520, 2016"
NA,DY032 ,PAP,36,6/24/2015,Jun-Aug,49,-16.5,regions.NA,NA,NA,281.4,NA,NA,NA,Fast: variable for lab measurements,https://doi.org/10.5194/bg-13-4927-2016
NA,DY032 ,PAP,128,6/24/2015,Jun-Aug,49,-16.5,regions.NA,NA,NA,76.2,NA,NA,NA,Fast: variable for lab measurements,https://doi.org/10.5194/bg-13-4927-2016
NA,DY032 ,PAP,73,6/26/2015,Jun-Aug,49,-16.5,regions.NA,NA,NA,122.8,NA,NA,NA,Fast: variable for lab measurements,https://doi.org/10.5194/bg-13-4927-2016
NA,DY032 ,PAP,113,6/28/2015,Jun-Aug,49,-16.5,regions.NA,NA,NA,66,NA,NA,NA,Fast: variable for lab measurements,https://doi.org/10.5194/bg-13-4927-2016
NA,DY032 ,PAP,500,6/28/2015,Jun-Aug,49,-16.5,regions.NA,NA,NA,99.4,NA,NA,NA,Fast: variable for lab measurements,https://doi.org/10.5194/bg-13-4927-2016
NA,DY032 ,PAP,46,6/30/2015,Jun-Aug,49,-16.5,regions.NA,NA,NA,63.7,NA,NA,NA,Fast: variable for lab measurements,https://doi.org/10.5194/bg-13-4927-2016
NA,DY032 ,PAP,204,7/2/2015,Jun-Aug,49,-16.5,regions.NA,NA,NA,51.8,NA,NA,NA,Fast: variable for lab measurements,https://doi.org/10.5194/bg-13-4927-2016
NA,DY032 ,PAP,30,7/4/2015,Jun-Aug,49,-16.5,regions.NA,NA,NA,266.8,NA,NA,NA,Fast: variable for lab measurements,https://doi.org/10.5194/bg-13-4927-2016
NA,DY032 ,PAP,60,7/4/2015,Jun-Aug,49,-16.5,regions.NA,NA,NA,38.7,NA,NA,NA,Fast: variable for lab measurements,https://doi.org/10.5194/bg-13-4927-2016
NA,DY032 ,PAP,100,7/4/2015,Jun-Aug,49,-16.5,regions.NA,NA,NA,85.5,NA,NA,NA,Fast: variable for lab measurements,https://doi.org/10.5194/bg-13-4927-2016
NA,JR304,Scotia Sea,60,11/25/2014,Sept-Nov,59.96233,-46.15975,regions.AAZ,NA,NA,171.7088045,NA,NA,NA,151.7678903,https://doi.org/10.1002/lno.11319
NA,JR304,Scotia Sea,160,11/25/2014,Sept-Nov,59.96231,-46.15976,regions.AAZ,NA,NA,292.6036847,NA,NA,NA,151.7678903,https://doi.org/10.1002/lno.10269
NA,JR304,Scotia Sea,71,11/25/2014,Sept-Nov,59.96233,-46.15972,regions.AAZ,NA,NA,322.8401432,NA,NA,NA,151.7678903,https://doi.org/10.1007/s00300-017-2118-z
NA,JR304,Scotia Sea,172,11/25/2014,Sept-Nov,59.96233,-46.15973,regions.AAZ,NA,NA,169.6801981,NA,NA,NA,151.7678903,https://doi.org/10.1007/s00300-017-2118-z
NA,JR304,Scotia Sea,72,11/26/2014,Sept-Nov,59.96233,-46.1597,regions.AAZ,NA,NA,183.5691602,NA,NA,NA,151.7678903,https://doi.org/10.1007/s00300-017-2118-z
NA,JR304,Scotia Sea,172,11/26/2014,Sept-Nov,59.96233,-46.1597,regions.AAZ,NA,NA,155.952522,NA,NA,NA,151.7678903,https://doi.org/10.1007/s00300-017-2118-z
NA,JR304,Scotia Sea,61,11/26/2014,Sept-Nov,59.9629,-46.16025,regions.AAZ,NA,NA,182.0731651,NA,NA,NA,151.7678903,https://doi.org/10.1007/s00300-017-2118-z
NA,JR304,Scotia Sea,163,11/26/2014,Sept-Nov,59.96294,-46.16026,regions.AAZ,NA,NA,76.19594232,NA,NA,NA,151.7678903,https://doi.org/10.1007/s00300-017-2118-z
NA,JR304,Scotia Sea,55,11/28/2014,Sept-Nov,55.25269,-41.30215,regions.AAZ,NA,NA,848.982829,NA,NA,NA,144.8428304,https://doi.org/10.1007/s00300-017-2118-z
NA,JR304,Scotia Sea,157,11/28/2014,Sept-Nov,55.25268,-41.30216,regions.AAZ,NA,NA,182.3212917,NA,NA,NA,144.8428304,https://doi.org/10.1007/s00300-017-2118-z
NA,JR304,Scotia Sea,57,11/28/2014,Sept-Nov,55.24843,-41.26399,regions.AAZ,NA,NA,578.9511656,NA,NA,NA,144.8428304,https://doi.org/10.1007/s00300-017-2118-z
NA,JR304,Scotia Sea,159,11/28/2014,Sept-Nov,55.24842,-41.26396,regions.AAZ,NA,NA,147.2760654,NA,NA,NA,144.8428304,https://doi.org/10.1007/s00300-017-2118-z
NA,JR304,Scotia Sea,37,11/29/2014,Sept-Nov,55.24765,-41.26489,regions.AAZ,NA,NA,638.2865294,NA,NA,NA,144.8428304,https://doi.org/10.1007/s00300-017-2118-z
NA,JR304,Scotia Sea,140,11/29/2014,Sept-Nov,55.24766,-41.2661,regions.AAZ,NA,NA,247.5274262,NA,NA,NA,144.8428304,https://doi.org/10.1007/s00300-017-2118-z
NA,JR304,Scotia Sea,39,11/29/2014,Sept-Nov,55.24765,-41.26489,regions.AAZ,NA,NA,5668.298894,NA,NA,NA,144.8428304,https://doi.org/10.1007/s00300-017-2118-z
NA,JR304,Scotia Sea,138,11/29/2014,Sept-Nov,55.24765,-41.2649,regions.AAZ,NA,NA,146.9094939,NA,NA,NA,144.8428304,https://doi.org/10.1007/s00300-017-2118-z
NA,JR304,Scotia Sea,47,11/29/2014,Sept-Nov,55.2475,-41.26511,regions.AAZ,NA,NA,1454.943706,NA,NA,NA,144.8428304,https://doi.org/10.1007/s00300-017-2118-z
NA,JR304,Scotia Sea,450,11/29/2014,Sept-Nov,55.2475,-41.26511,regions.AAZ,NA,NA,NA,NA,NA,NA,144.8428304,https://doi.org/10.1007/s00300-017-2118-z
NA,JR304,Scotia Sea,73,12/12/2014,Dec-Feb,52.81164,-39.97271,regions.AAZ,NA,NA,271.2040856,NA,NA,NA,87.85500824,https://doi.org/10.1007/s00300-017-2118-z
NA,JR304,Scotia Sea,176,12/12/2014,Dec-Feb,52.81159,-39.97267,regions.AAZ,NA,NA,219.5209675,NA,NA,NA,87.85500824,https://doi.org/10.1007/s00300-017-2118-z
NA,JR304,Scotia Sea,74,12/13/2014,Dec-Feb,52.81203,-39.97246,regions.AAZ,NA,NA,260.0969085,NA,NA,NA,87.85500824,https://doi.org/10.1007/s00300-017-2118-z
NA,JR304,Scotia Sea,176,12/13/2014,Dec-Feb,52.81197,-39.97245,regions.AAZ,NA,NA,122.2763648,NA,NA,NA,87.85500824,https://doi.org/10.1007/s00300-017-2118-z
NA,JR304,Scotia Sea,72,12/13/2014,Dec-Feb,52.7623,-40.30382,regions.AAZ,NA,NA,264.6810063,NA,NA,NA,87.85500824,https://doi.org/10.1007/s00300-017-2118-z
NA,JR304,Scotia Sea,170,12/13/2014,Dec-Feb,52.7623,-40.30381,regions.AAZ,NA,NA,NA,NA,NA,NA,87.85500824,https://doi.org/10.1007/s00300-017-2118-z
NA,JR304,Scotia Sea,81,12/13/2014,Dec-Feb,52.81184,-39.97265,regions.AAZ,NA,NA,272.2903374,NA,NA,NA,87.85500824,https://doi.org/10.1007/s00300-017-2118-z
NA,JR304,Scotia Sea,88,12/13/2014,Dec-Feb,52.81179,-39.97263,regions.AAZ,NA,NA,1.53,NA,NA,NA,87.85500824,https://doi.org/10.1007/s00300-017-2118-z
NA,JR274,Scotia Sea,50,1/15/2013,Dec-Feb,59.91,-53.03,regions.AAZ,61.8,3.09,0.8,NA,NA,NA,NA,https://doi.org/10.1002/2014GL062744
NA,JR274,Scotia Sea,70,1/16/2013,Dec-Feb,58.52,-51.26,regions.AAZ,99.52,4.98,2.2,NA,NA,NA,NA,https://doi.org/10.1002/2014GL062745
NA,JR274,Scotia Sea,25,1/17/2013,Dec-Feb,59.91,-49.42,regions.AAZ,NA,NA,22.5,NA,NA,NA,NA,https://doi.org/10.1002/2014GL062746
NA,JR274,Scotia Sea,75,1/18/2013,Dec-Feb,60.97,-48.14,regions.AAZ,280.92,14.05,87.6,NA,NA,NA,NA,https://doi.org/10.1002/2014GL062747
NA,JR274,Scotia Sea,50,1/19/2013,Dec-Feb,59.95,-45.32,regions.AAZ,NA,NA,8,NA,NA,NA,NA,https://doi.org/10.1002/2014GL062748
NA,JR274,Scotia Sea,50,1/20/2013,Dec-Feb,57.97,-42.93,regions.AAZ,464.85,23.24,17.9,NA,NA,NA,NA,https://doi.org/10.1002/2014GL062749
NA,JR274,Scotia Sea,50,1/21/2013,Dec-Feb,55.2,-41.32,regions.AAZ,529.59,26.48,19.2,NA,NA,NA,NA,https://doi.org/10.1002/2014GL062750
NA,JR274,Scotia Sea,75,1/22/2013,Dec-Feb,52.91,-40.14,regions.AAZ,NA,NA,27.5,NA,NA,NA,NA,https://doi.org/10.1002/2014GL062751
NA,JR274,Scotia Sea,75,1/23/2013,Dec-Feb,50.29,-39.02,regions.AAZ,217.73,10.89,28.9,NA,NA,NA,NA,https://doi.org/10.1002/2014GL062752
NA,JR274,Scotia Sea,50,1/24/2013,Dec-Feb,50.96,-37.62,regions.AAZ,58.35,2.92,10.2,NA,NA,NA,NA,https://doi.org/10.1002/2014GL062753
NA,JR274,Scotia Sea,75,1/25/2013,Dec-Feb,52.69,-36.62,regions.AAZ,49.41,2.47,7.8,NA,NA,NA,NA,https://doi.org/10.1002/2014GL062754
NA,JR274,Scotia Sea,NA,1/27/2013,Dec-Feb,NA,NA,regions.AAZ,212.9,10.65,NA,NA,NA,NA,NA,https://doi.org/10.1002/2014GL062755
NA,JR274,Scotia Sea,50,1/28/2013,Dec-Feb,51.69,-34.98,regions.AAZ,151.36,7.57,23.9,NA,NA,NA,NA,https://doi.org/10.1002/2014GL062756
NA,JR274,Scotia Sea,50,1/29/2013,Dec-Feb,51.37,-31.09,regions.AAZ,203.88,10.19,20.9,NA,NA,NA,NA,https://doi.org/10.1002/2014GL062757
NA,JR274,Scotia Sea,50,1/30/2013,Dec-Feb,53.63,-29.33,regions.AAZ,111.89,5.59,30.8,NA,NA,NA,NA,https://doi.org/10.1002/2014GL062758
NA,JR274,Scotia Sea,50,1/31/2013,Dec-Feb,55.93,-27.26,regions.AAZ,NA,NA,2.2,NA,NA,NA,NA,https://doi.org/10.1002/2014GL062759
NA,JR274,Scotia Sea,50,2/1/2013,Dec-Feb,58.09,-25.93,regions.AAZ,158.75,7.94,2.7,NA,NA,NA,NA,https://doi.org/10.1002/2014GL062760
NA,JR274,Scotia Sea,50,2/3/2013,Dec-Feb,63.26,-25.35,regions.AAZ,103.23,5.16,61.5,NA,NA,NA,NA,https://doi.org/10.1002/2014GL062761
NA,JR274,Scotia Sea,50,2/4/2013,Dec-Feb,62.27,-26.85,regions.AAZ,150.89,7.54,56,NA,NA,NA,NA,https://doi.org/10.1002/2014GL062762
NA,JR274,Scotia Sea,25,2/5/2013,Dec-Feb,60.14,-29.49,regions.AAZ,121.21,6.06,67.3,NA,NA,NA,NA,https://doi.org/10.1002/2014GL062763
NA,JR274,Scotia Sea,150,1/15/2013,Dec-Feb,59.91,-53.03,regions.AAZ,16.91,0.85,3.6,NA,NA,NA,NA,https://doi.org/10.1002/2014GL062764
NA,JR274,Scotia Sea,150,1/16/2013,Dec-Feb,58.52,-51.26,regions.AAZ,192.86,9.64,24.1,NA,NA,NA,NA,https://doi.org/10.1002/2014GL062765
NA,JR274,Scotia Sea,125,1/17/2013,Dec-Feb,59.91,-49.42,regions.AAZ,217.54,10.88,26.6,NA,NA,NA,NA,https://doi.org/10.1002/2014GL062766
NA,JR274,Scotia Sea,175,1/18/2013,Dec-Feb,60.97,-48.14,regions.AAZ,44.65,2.23,90.9,NA,NA,NA,NA,https://doi.org/10.1002/2014GL062767
NA,JR274,Scotia Sea,150,1/19/2013,Dec-Feb,59.95,-45.32,regions.AAZ,109.12,5.46,18.4,NA,NA,NA,NA,https://doi.org/10.1002/2014GL062768
NA,JR274,Scotia Sea,150,1/20/2013,Dec-Feb,57.97,-42.93,regions.AAZ,85.39,4.27,28.6,NA,NA,NA,NA,https://doi.org/10.1002/2014GL062769
NA,JR274,Scotia Sea,150,1/21/2013,Dec-Feb,55.2,-41.32,regions.AAZ,123.12,6.16,13,NA,NA,NA,NA,https://doi.org/10.1002/2014GL062770
NA,JR274,Scotia Sea,175,1/22/2013,Dec-Feb,52.91,-40.14,regions.AAZ,131.97,6.6,1.8,NA,NA,NA,NA,https://doi.org/10.1002/2014GL062771
NA,JR274,Scotia Sea,175,1/23/2013,Dec-Feb,50.29,-39.02,regions.AAZ,124.5,6.22,0,NA,NA,NA,NA,https://doi.org/10.1002/2014GL062772
NA,JR274,Scotia Sea,150,1/24/2013,Dec-Feb,50.96,-37.62,regions.AAZ,120.6,6.03,22.5,NA,NA,NA,NA,https://doi.org/10.1002/2014GL062773
NA,JR274,Scotia Sea,175,1/25/2013,Dec-Feb,52.69,-36.62,regions.AAZ,NA,NA,0,NA,NA,NA,NA,https://doi.org/10.1002/2014GL062774
NA,JR274,Scotia Sea,150,1/28/2013,Dec-Feb,51.69,-34.98,regions.AAZ,95.43,4.77,38.1,NA,NA,NA,NA,https://doi.org/10.1002/2014GL062775
NA,JR274,Scotia Sea,150,1/29/2013,Dec-Feb,51.37,-31.09,regions.AAZ,71.47,3.57,7.6,NA,NA,NA,NA,https://doi.org/10.1002/2014GL062776
NA,JR274,Scotia Sea,150,1/30/2013,Dec-Feb,53.63,-29.33,regions.AAZ,NA,NA,0,NA,NA,NA,NA,https://doi.org/10.1002/2014GL062777
NA,JR274,Scotia Sea,150,1/31/2013,Dec-Feb,55.93,-27.26,regions.AAZ,126.39,6.32,13.8,NA,NA,NA,NA,https://doi.org/10.1002/2014GL062778
NA,JR274,Scotia Sea,150,2/1/2013,Dec-Feb,58.09,-25.93,regions.AAZ,61.85,3.09,9.1,NA,NA,NA,NA,https://doi.org/10.1002/2014GL062779
NA,JR274,Scotia Sea,150,2/3/2013,Dec-Feb,63.26,-25.35,regions.AAZ,71.58,3.58,11.7,NA,NA,NA,NA,https://doi.org/10.1002/2014GL062780
NA,JR274,Scotia Sea,150,2/4/2013,Dec-Feb,62.27,-26.85,regions.AAZ,20.5,1.03,7,NA,NA,NA,NA,https://doi.org/10.1002/2014GL062781
NA,JR274,Scotia Sea,125,2/5/2013,Dec-Feb,60.14,-29.49,regions.AAZ,33.7,1.68,12.8,NA,NA,NA,NA,https://doi.org/10.1002/2014GL062782
NA,JR271,North Sea,65,6/5/2012,Jun-Aug,60.13,-6.71,regions.Ar,1037.01,51.85,19.73,2.79,NA,NA,NA,"[Smith, 2015, pers. comm., 14th June"
NA,JR271,North Sea,40,6/7/2012,Jun-Aug,60,-18.67,regions.Ar,520.73,26.04,9.9,1.4,NA,NA,NA,"[Smith, 2015, pers. comm., 14th June"
NA,JR271,North Sea,45,6/10/2012,Jun-Aug,65.98,-10.72,regions.Ar,662.62,33.13,NA,NA,NA,NA,NA,"[Smith, 2015, pers. comm., 14th June"
NA,JR271,North Sea,50,6/11/2012,Jun-Aug,NA,NA,regions.Ar,1438.07,71.9,29.66,4.19,NA,NA,NA,"[Smith, 2015, pers. comm., 14th June"
NA,JR271,North Sea,50,6/12/2012,Jun-Aug,74.12,-4.69,regions.Ar,284.94,14.25,7.33,1.04,NA,NA,NA,"[Smith, 2015, pers. comm., 14th June"
NA,JR271,North Sea,30,6/14/2012,Jun-Aug,78.72,0,regions.Ar,7598.58,379.93,NA,NA,NA,NA,NA,"[Smith, 2015, pers. comm., 14th June"
NA,JR271,North Sea,80,6/16/2012,Jun-Aug,78.21,-6,regions.Ar,1600.03,80,10.9,1.54,NA,NA,NA,"[Smith, 2015, pers. comm., 14th June"
NA,JR271,North Sea,130,6/17/2012,Jun-Aug,77.82,-4.98,regions.Ar,314.96,15.75,NA,NA,NA,NA,NA,"[Smith, 2015, pers. comm., 14th June"
NA,JR271,North Sea,30,6/18/2012,Jun-Aug,78.27,-4.34,regions.Ar,240.61,12.03,13.9,1.97,NA,NA,NA,"[Smith, 2015, pers. comm., 14th June"
NA,JR271,North Sea,50,6/19/2012,Jun-Aug,77.85,-1.3,regions.Ar,1184.14,59.21,9.3,1.31,NA,NA,NA,"[Smith, 2015, pers. comm., 14th June"
NA,JR271,North Sea,60,6/22/2012,Jun-Aug,76.26,12.54,regions.Ar,714.98,35.75,NA,NA,NA,NA,NA,"[Smith, 2015, pers. comm., 14th June"
NA,JR271,North Sea,60,6/24/2012,Jun-Aug,72.89,26,regions.Ar,333.25,16.66,4.61,0.65,NA,NA,NA,"[Smith, 2015, pers. comm., 14th June"
NA,JR271,North Sea,30,6/25/2012,Jun-Aug,71.75,17.9,regions.Ar,488.5,24.43,2.98,0.42,NA,NA,NA,"[Smith, 2015, pers. comm., 14th June"
NA,JR271,North Sea,30,6/26/2012,Jun-Aug,71.73,8.43,regions.Ar,628.97,31.45,21.34,3.02,NA,NA,NA,"[Smith, 2015, pers. comm., 14th June"
NA,JR271,North Sea,50,6/27/2012,Jun-Aug,71.75,-1.27,regions.Ar,1419.1,70.95,14.28,2.02,NA,NA,NA,"[Smith, 2015, pers. comm., 14th June"
NA,JR271,North Sea,60,6/29/2012,Jun-Aug,68.7,-10.58,regions.Ar,457.42,22.87,140.16,19.82,NA,NA,NA,"[Smith, 2015, pers. comm., 14th June"
NA,JR271,North Sea,60,6/30/2012,Jun-Aug,67.83,-16.42,regions.Ar,480.04,24,235.26,33.27,NA,NA,NA,"[Smith, 2015, pers. comm., 14th June"
NA,M87/1-2, North Atlantic,175,3/25/2012,March-May,61.5,-11,regions.Ar,129.84,6.49,NA,NA,NA,NA,"Slow: 18 md,  Fast: measured",https://doi.org/10.1002/2016JC012048
NA,M87/1-2, North Atlantic,650,3/26/2012,March-May,61.5,-11,regions.Ar,NA,NA,NA,NA,NA,NA,"Slow: 18 md,  Fast: measured",https://doi.org/10.1002/2016JC012049
NA,M87/1-2, North Atlantic,200,3/27/2012,March-May,61.5,-11,regions.Ar,149.41,7.47,NA,NA,NA,NA,"Slow: 18 md,  Fast: measured",https://doi.org/10.1002/2016JC012050
NA,M87/1-2, North Atlantic,50,3/28/2012,March-May,60.33,-2.5,regions.Ar,199.78,9.99,NA,NA,NA,NA,"Slow: 18 md,  Fast: measured",https://doi.org/10.1002/2016JC012051
NA,M87/1-2, North Atlantic,200,3/30/2012,March-May,62.8,-2.56,regions.Ar,117.61,5.88,NA,NA,NA,NA,"Slow: 18 md,  Fast: measured",https://doi.org/10.1002/2016JC012052
NA,M87/1-2, North Atlantic,200,3/31/2012,March-May,60.33,1,regions.Ar,32.34,1.62,NA,NA,NA,NA,"Slow: 18 md,  Fast: measured",https://doi.org/10.1002/2016JC012053
NA,M87/1-2, North Atlantic,135,4/2/2012,March-May,60.33,1,regions.Ar,128.55,6.43,NA,NA,NA,NA,"Slow: 18 md,  Fast: measured",https://doi.org/10.1002/2016JC012054
NA,M87/1-2, North Atlantic,50,4/2/2012,March-May,60.33,1,regions.Ar,341.14,17.06,NA,NA,NA,NA,"Slow: 18 md,  Fast: measured",https://doi.org/10.1002/2016JC012055
NA,M87/1-2, North Atlantic,50,4/3/2012,March-May,60.33,1,regions.Ar,120.27,6.01,NA,NA,NA,NA,"Slow: 18 md,  Fast: measured",https://doi.org/10.1002/2016JC012056
NA,M87/1-2, North Atlantic,50,4/3/2012,March-May,60.33,1,regions.Ar,100.27,5.01,NA,NA,NA,NA,"Slow: 18 md,  Fast: measured",https://doi.org/10.1002/2016JC012057
NA,M87/1-2, North Atlantic,200,4/9/2012,March-May,61.5,-11,regions.Ar,121.45,6.07,0.8,0.15,NA,NA,"Slow: 18 md,  Fast: measured",https://doi.org/10.1002/2016JC012058
NA,M87/1-2, North Atlantic,200,4/10/2012,March-May,61.5,-11,regions.Ar,43.93,2.2,0.04,0.02,NA,NA,"Slow: 18 md,  Fast: measured",https://doi.org/10.1002/2016JC012059
NA,M87/1-2, North Atlantic,550,4/10/2012,March-May,61.5,-11,regions.Ar,59,2.95,2.82,0.5,NA,NA,"Slow: 18 md,  Fast: measured",https://doi.org/10.1002/2016JC012060
NA,M87/1-2, North Atlantic,400,4/10/2012,March-May,61.5,-11,regions.Ar,36.29,1.81,0.49,0.1,NA,NA,"Slow: 18 md,  Fast: measured",https://doi.org/10.1002/2016JC012061
NA,M87/1-2, North Atlantic,100,4/13/2012,March-May,62.83,-2.5,regions.Ar,83.98,4.2,2.75,0.35,NA,NA,"Slow: 18 md,  Fast: measured",https://doi.org/10.1002/2016JC012062
NA,M87/1-2, North Atlantic,250,4/13/2012,March-May,62.83,-2.5,regions.Ar,97.6,4.88,2.91,0.53,NA,NA,"Slow: 18 md,  Fast: measured",https://doi.org/10.1002/2016JC012063
NA,M87/1-2, North Atlantic,600,4/14/2012,March-May,62.83,-2.5,regions.Ar,39.99,2,NA,NA,NA,NA,"Slow: 18 md,  Fast: measured",https://doi.org/10.1002/2016JC012064
NA,M87/1-2, North Atlantic,50,4/14/2012,March-May,62.83,-2.51,regions.Ar,25.44,1.27,9.27,2.59,NA,NA,"Slow: 18 md,  Fast: measured",https://doi.org/10.1002/2016JC012065
NA,M87/1-2, North Atlantic,50,4/15/2012,March-May,60.33,1,regions.Ar,NA,NA,NA,NA,NA,NA,"Slow: 18 md,  Fast: measured",https://doi.org/10.1002/2016JC012066
NA,M87/1-2, North Atlantic,600,4/19/2012,March-May,61.5,-11,regions.Ar,51.97,2.6,45.9,4.55,NA,NA,"Slow: 18 md,  Fast: measured",https://doi.org/10.1002/2016JC012067
NA,M87/1-2, North Atlantic,400,4/20/2012,March-May,61.5,-11,regions.Ar,67.05,3.35,3.83,0.95,NA,NA,"Slow: 18 md,  Fast: measured",https://doi.org/10.1002/2016JC012068
NA,M87/1-2, North Atlantic,200,4/21/2012,March-May,61.55,-11.03,regions.Ar,NA,NA,5.59,1.3,NA,NA,"Slow: 18 md,  Fast: measured",https://doi.org/10.1002/2016JC012069
NA,M87/1-2, North Atlantic,50,4/21/2012,March-May,61.55,-11.03,regions.Ar,87.77,4.39,NA,NA,NA,NA,"Slow: 18 md,  Fast: measured",https://doi.org/10.1002/2016JC012070
NA,M87/1-2, North Atlantic,600,4/23/2012,March-May,62.83,-2.5,regions.Ar,42.97,2.15,0.09,0.02,NA,NA,"Slow: 18 md,  Fast: measured",https://doi.org/10.1002/2016JC012071
NA,M87/1-2, North Atlantic,250,4/23/2012,March-May,62.83,-2.5,regions.Ar,89.6,4.48,1.95,0.29,NA,NA,"Slow: 18 md,  Fast: measured",https://doi.org/10.1002/2016JC012072
NA,M87/1-2, North Atlantic,120,4/25/2012,March-May,62.83,-2.5,regions.Ar,155,7.75,2.19,0.74,NA,NA,"Slow: 18 md,  Fast: measured",https://doi.org/10.1002/2016JC012073
NA,M87/1-2, North Atlantic,50,4/25/2012,March-May,62.83,-2.5,regions.Ar,106.19,5.31,18.03,1.69,NA,NA,"Slow: 18 md,  Fast: measured",https://doi.org/10.1002/2016JC012074
NA,M87/1-2, North Atlantic,600,4/27/2012,March-May,61.5,-11,regions.Ar,120.58,6.03,NA,NA,NA,NA,"Slow: 18 md,  Fast: measured",https://doi.org/10.1002/2016JC012075
NA,M87/1-2, North Atlantic,400,4/28/2012,March-May,61.5,-11,regions.Ar,NA,NA,NA,NA,NA,NA,"Slow: 18 md,  Fast: measured",https://doi.org/10.1002/2016JC012076
NA,M87/1-2, North Atlantic,200,4/28/2012,March-May,61.5,-11,regions.Ar,81.75,4.09,NA,NA,NA,NA,"Slow: 18 md,  Fast: measured",https://doi.org/10.1002/2016JC012077
NA,M87/1-2, North Atlantic,50,4/29/2012,March-May,61.5,-11,regions.Ar,79.23,3.96,NA,NA,NA,NA,"Slow: 18 md,  Fast: measured",https://doi.org/10.1002/2016JC012078
NA,M87/1-2, North Atlantic,120,4/29/2012,March-May,61.5,-11,regions.Ar,NA,NA,NA,NA,NA,NA,"Slow: 18 md,  Fast: measured",https://doi.org/10.1002/2016JC012079
NA,MV1101,Southern Ocean,79,1/14/2011,Dec-Feb,51.79,-56.11,regions.AAZ,582.56,29.13,NA,NA,NA,NA,NA,"Smith , 2015, pers. comm., 14th Jun"
NA,MV1101,Southern Ocean,65,1/17/2011,Dec-Feb,46.26,-59.83,regions.AAZ,171.36,8.57,NA,NA,NA,NA,NA,"Smith , 2015, pers. comm., 14th Jun"
NA,MV1101,Southern Ocean,65,1/20/2011,Dec-Feb,45.67,-48.95,regions.AAZ,87.47,4.37,NA,NA,NA,NA,NA,"Smith , 2015, pers. comm., 14th Jun"
NA,MV1101,Southern Ocean,100,1/22/2011,Dec-Feb,40.95,-45.83,regions.AAZ,75.89,3.79,2.37,0.51,NA,NA,NA,"Smith , 2015, pers. comm., 14th Jun"
NA,D341,PAP,50,7/30/2009,June-Aug,48.8,-16.46,regions.NA,88,NA,61,NA,NA,NA,"Slow: 18 md,  Fast: measured",https://doi.org/10.1029/2011GB004085
NA,D341,PAP,50,7/31/2009,June-Aug,48.8,-16.46,regions.NA,109,NA,26,NA,NA,NA,"Slow: 18 md,  Fast: measured",https://doi.org/10.1029/2011GB004085
NA,D341,PAP,50,8/1/2009,June-Aug,48.7,-16.56,regions.NA,80,NA,30,NA,NA,NA,"Slow: 18 md,  Fast: measured",https://doi.org/10.1029/2011GB004085
NA,D341,PAP,50,8/3/2009,June-Aug,48.97,-16.42,regions.NA,85,NA,67,NA,NA,NA,"Slow: 18 md,  Fast: measured",https://doi.org/10.1029/2011GB004085
NA,D341,PAP,50,8/8/2009,June-Aug,48.78,-17,regions.NA,97,NA,85,NA,NA,NA,"Slow: 18 md,  Fast: measured",https://doi.org/10.1029/2011GB004085
NA,JR219,NA,50,6/23/2010,June-Aug,80.74,4.59,regions.Ar,430.37,21.52,4.43,0.63,NA,NA,"Slow: 18 md,  Fast: measured",https://doi.org/10.1029/2011GB004085
NA,JR219,NA,50,6/24/2010,June-Aug,80.71,4.35,regions.Ar,33.99,1.7,52.84,7.47,NA,NA,"Slow: 18 md,  Fast: measured",https://doi.org/10.1029/2011GB004085
NA,JR219,NA,100,6/24/2010,June-Aug,80.71,4.35,regions.Ar,214.3,10.72,1.27,0.18,NA,NA,"Slow: 18 md,  Fast: measured",https://doi.org/10.1029/2011GB004085
NA,JR219,NA,100,6/25/2010,June-Aug,80.59,4.31,regions.Ar,51.96,2.6,21.75,3.08,NA,NA,"Slow: 18 md,  Fast: measured",https://doi.org/10.1029/2011GB004085
NA,JR219,NA,400,6/27/2010,June-Aug,80.46,3.73,regions.Ar,12.8,0.64,NA,NA,NA,NA,"Slow: 18 md,  Fast: measured",https://doi.org/10.1029/2011GB004085
NA,JR219,NA,50,6/28/2010,June-Aug,80.33,3.39,regions.Ar,66.93,3.35,NA,NA,NA,NA,"Slow: 18 md,  Fast: measured",https://doi.org/10.1029/2011GB004085
NA,JR219,NA,300,6/28/2010,June-Aug,80.31,3.28,regions.Ar,20.06,1,NA,NA,NA,NA,"Slow: 18 md,  Fast: measured",https://doi.org/10.1029/2011GB004085
NA,JR219,NA,200,6/29/2010,June-Aug,80.28,3.08,regions.Ar,107.44,5.37,NA,NA,NA,NA,"Slow: 18 md,  Fast: measured",https://doi.org/10.1029/2011GB004085
NA,JR219,NA,300,6/29/2010,June-Aug,80.28,3.09,regions.Ar,27.81,1.39,NA,NA,NA,NA,"Slow: 18 md,  Fast: measured",https://doi.org/10.1029/2011GB004085
NA,JR219,NA,300,6/30/2010,June-Aug,80.23,2.54,regions.Ar,60.47,3.02,NA,NA,NA,NA,"Slow: 18 md,  Fast: measured",https://doi.org/10.1029/2011GB004085
NA,JR219,NA,400,6/30/2010,June-Aug,80.23,2.56,regions.Ar,22.2,1.11,NA,NA,NA,NA,"Slow: 18 md,  Fast: measured",https://doi.org/10.1029/2011GB004085
NA,JR219,NA,50,7/5/2010,June-Aug,79.02,10.69,regions.Ar,81.43,4.07,98.92,13.99,NA,NA,"Slow: 18 md,  Fast: measured",https://doi.org/10.1029/2011GB004085
NA,JR219,NA,100,7/5/2010,June-Aug,79.02,10.69,regions.Ar,9.53,0.48,175.51,24.82,NA,NA,"Slow: 18 md,  Fast: measured",https://doi.org/10.1029/2011GB004085
NA,JR219,NA,50,7/6/2010,June-Aug,78.98,6.71,regions.Ar,306.52,15.33,1.51,0.21,NA,NA,"Slow: 18 md,  Fast: measured",https://doi.org/10.1029/2011GB004085
NA,JR219,NA,100,7/6/2010,June-Aug,78.98,6.71,regions.Ar,144.06,7.2,23.03,3.26,NA,NA,"Slow: 18 md,  Fast: measured",https://doi.org/10.1029/2011GB004085
NA,JR219,NA,50,7/7/2010,June-Aug,78.98,6.71,regions.Ar,114.75,5.74,NA,NA,NA,NA,"Slow: 18 md,  Fast: measured",https://doi.org/10.1029/2011GB004085
NA,JR219,NA,100,7/7/2010,June-Aug,78.98,6.71,regions.Ar,54.98,2.75,NA,NA,NA,NA,"Slow: 18 md,  Fast: measured",https://doi.org/10.1029/2011GB004085
NA,JR219,NA,50,7/8/2010,June-Aug,77.77,5.6,regions.Ar,57.72,2.89,NA,NA,NA,NA,"Slow: 18 md,  Fast: measured",https://doi.org/10.1029/2011GB004085
NA,JR219,NA,100,7/8/2010,June-Aug,77.77,5.6,regions.Ar,27.5,1.38,0.41,0.06,NA,NA,"Slow: 18 md,  Fast: measured",https://doi.org/10.1029/2011GB004085
NA,JR219,NA,50,7/9/2010,June-Aug,77.61,5.27,regions.Ar,74.02,3.7,NA,NA,NA,NA,"Slow: 18 md,  Fast: measured",https://doi.org/10.1029/2011GB004085
NA,JR219,NA,50,7/10/2010,June-Aug,78.28,0,regions.Ar,36.87,1.84,165.6,23.42,NA,NA,"Slow: 18 md,  Fast: measured",https://doi.org/10.1029/2011GB004085
NA,NA,Celtic Sea,10,11/18/2014,Sept-Nov,48.56842,-9.50765,NA,NA,NA,10.66666667,NA,NA,NA,24md,https://doi.org/10.1029/2021GB007015
NA,NA,Celtic Sea,15,11/25/2014,Sept-Nov,49.41507,-8.5932,NA,NA,NA,32.88888889,NA,NA,NA,24md,https://doi.org/10.1029/2021GB007015
NA,NA,Celtic Sea,100,11/25/2014,Sept-Nov,49.4195,-8.59162,NA,NA,NA,117.3333333,NA,NA,NA,24md,https://doi.org/10.1029/2021GB007015
NA,NA,Celtic Sea,10,12/4/2015,March-May,49.41383,-8.58933,NA,NA,NA,466.2068966,NA,NA,NA,24md,https://doi.org/10.1029/2021GB007015
NA,NA,Celtic Sea,70,12/4/2015,March-May,49.41293,-8.59117,NA,NA,NA,182.0689655,NA,NA,NA,24md,https://doi.org/10.1029/2021GB007015
NA,NA,Celtic Sea,10,16/04/2015,March-May,49.39767,-8.61567,NA,NA,NA,77.24137931,NA,NA,NA,24md,https://doi.org/10.1029/2021GB007015
NA,NA,Celtic Sea,70,16/04/2015,March-May,49.40493,-8.61807,NA,NA,NA,NA,NA,NA,NA,24md,https://doi.org/10.1029/2021GB007015
NA,NA,Celtic Sea,10,21/04/2015,March-May,49.40217,-8.62167,NA,NA,NA,113.1034483,NA,NA,NA,24md,https://doi.org/10.1029/2021GB007015
NA,NA,Celtic Sea,70,21/04/2015,March-May,49.41627,-8.6001,NA,NA,NA,NA,NA,NA,NA,24md,https://doi.org/10.1029/2021GB007015
NA,NA,Celtic Sea,10,7/15/2015,June-Aug,49.38,-8.609,NA,NA,NA,110.3448276,NA,NA,NA,24md,https://doi.org/10.1029/2021GB007015
NA,NA,Celtic Sea,80,7/15/2015,June-Aug,49.38,-8.609,NA,NA,NA,80,NA,NA,NA,24md,https://doi.org/10.1029/2021GB007015
NA,NA,Celtic Sea,10,7/20/2015,June-Aug,48.571,-9.5075,NA,NA,NA,NA,NA,NA,NA,24md,https://doi.org/10.1029/2021GB007015
NA,NA,Celtic Sea,80,7/20/2015,June-Aug,48.57067,-9.508,NA,NA,NA,88.27586207,NA,NA,NA,24md,https://doi.org/10.1029/2021GB007015
NA,NA,Celtic Sea,15,7/25/2015,June-Aug,49.414,-8.60183,NA,NA,NA,77.24137931,NA,NA,NA,24md,https://doi.org/10.1029/2021GB007015
NA,NA,Celtic Sea,75,7/25/2015,June-Aug,49.41598,-8.59683,NA,NA,NA,44.13793103,NA,NA,NA,24md,https://doi.org/10.1029/2021GB007015
NA,NA,Celtic Sea,10,11/18/2014,Sept-Nov,48.56842,-9.50765,NA,64,NA,NA,NA,NA,NA,24md,https://doi.org/10.1029/2021GB007015
NA,NA,Celtic Sea,100,11/18/2014,Sept-Nov,48.5682,-9.50518,NA,74.66666667,NA,NA,NA,NA,NA,24md,https://doi.org/10.1029/2021GB007015
NA,NA,Celtic Sea,15,11/25/2014,Sept-Nov,49.41507,-8.5932,NA,85.33333333,NA,NA,NA,NA,NA,24md,https://doi.org/10.1029/2021GB007015
NA,NA,Celtic Sea,100,11/25/2014,Sept-Nov,49.4195,-8.59162,NA,NA,NA,NA,NA,NA,NA,24md,https://doi.org/10.1029/2021GB007015
NA,NA,Celtic Sea,10,12/4/2015,March-May,49.41383,-8.58933,NA,419.3103448,NA,NA,NA,NA,NA,24md,https://doi.org/10.1029/2021GB007015
NA,NA,Celtic Sea,70,12/4/2015,March-May,49.41293,-8.59117,NA,154.4827586,NA,NA,NA,NA,NA,24md,https://doi.org/10.1029/2021GB007015
NA,NA,Celtic Sea,10,16/04/2015,March-May,49.39767,-8.61567,NA,463.4482759,NA,NA,NA,NA,NA,24md,https://doi.org/10.1029/2021GB007015
NA,NA,Celtic Sea,70,16/04/2015,March-May,49.40493,-8.61807,NA,132.4137931,NA,NA,NA,NA,NA,24md,https://doi.org/10.1029/2021GB007015
NA,NA,Celtic Sea,10,21/04/2015,March-May,49.40217,-8.62167,NA,706.2068966,NA,NA,NA,NA,NA,24md,https://doi.org/10.1029/2021GB007015
NA,NA,Celtic Sea,70,21/04/2015,March-May,49.41627,-8.6001,NA,132.4137931,NA,NA,NA,NA,NA,24md,https://doi.org/10.1029/2021GB007015
NA,NA,Celtic Sea,10,7/15/2015,June-Aug,49.38,-8.609,NA,242.7586207,NA,NA,NA,NA,NA,24md,https://doi.org/10.1029/2021GB007015
NA,NA,Celtic Sea,80,7/15/2015,June-Aug,49.38,-8.609,NA,132.4137931,NA,NA,NA,NA,NA,24md,https://doi.org/10.1029/2021GB007015
NA,NA,Celtic Sea,10,7/20/2015,June-Aug,48.571,-9.5075,NA,308.9655172,NA,NA,NA,NA,NA,24md,https://doi.org/10.1029/2021GB007015
NA,NA,Celtic Sea,80,7/20/2015,June-Aug,48.57067,-9.508,NA,132.4137931,NA,NA,NA,NA,NA,24md,https://doi.org/10.1029/2021GB007015
NA,NA,Celtic Sea,15,7/25/2015,June-Aug,49.414,-8.60183,NA,198.6206897,NA,NA,NA,NA,NA,24md,https://doi.org/10.1029/2021GB007015
NA,NA,Celtic Sea,75,7/25/2015,June-Aug,49.41598,-8.59683,NA,88.27586207,NA,NA,NA,NA,NA,24md,https://doi.org/10.1029/2021GB007015
NA,NA,Celtic Sea,10,7/30/2015,June-Aug,49.41417,-8.56417,NA,154.4827586,NA,NA,NA,NA,NA,24md,https://doi.org/10.1029/2021GB007015
